"tree","group","type","tree_length","crown_age","crown_age2","richness","gammma","balance","HmeanDR","meanDR","minDR","maxDR","mean_log_DR","sdDR","sd_log_DR","medianDR","DRskew","DRkurtosis","birth1","death1"
1,"Global","all",12529.2174731348,97.8463273852414,-97846.3273852414,6636,32.7435580721617,0.00404847354145335,0.52964201589037,1.04256561011673,0.01344261452415,7.29824023039357,-0.238836907447288,0.812182884356054,0.800527129633449,0.837765249490621,2.19955925970747,10.9211560516091,0.983900286962159,0.795588246425022
10,"Global","all",12779.4260077444,97.0687098948878,-97068.7098948878,6636,30.5507788522885,0.00393319882344362,0.519272148528312,1.01298816511455,0.0128608334901549,7.1186955177791,-0.272428433526615,0.807155898466431,0.798904894664437,0.800758645447757,2.19439548032352,10.3488733680921,0.92950641640133,0.722524390775332
100,"Global","all",12528.5404694029,101.767647143198,-101767.647143198,6636,31.6775909887249,0.00455105677200346,0.52967063611331,1.03452891664476,0.0130447786677355,9.60773528733394,-0.246562536919277,0.819460502167058,0.796149533628423,0.822871609109865,2.43997356447041,13.8880553510597,0.968273284981602,0.774115047776836
1000,"Global","all",12856.80700796,115.813926106751,-115813.926106751,6636,34.5190624928281,0.00486534736107454,0.516146815915608,1.03682964883524,0.0133587153069064,9.140890463437,-0.250439135491532,0.830231883420334,0.806907545704315,0.824109024945284,2.41011326675594,12.9788443263553,0.990668079374832,0.825748886698708
101,"Global","all",12718.0131923397,106.949681326402,-106949.681326402,6636,31.9133058147506,0.0039445581768147,0.521779612872001,1.01932488321381,0.0151247338949855,9.37675823050775,-0.257574192322435,0.805310263669147,0.79288250497242,0.830393450779117,2.55930875977633,15.1672204205674,0.956784882128097,0.766535129517437
102,"Global","all",12812.9920729782,119.470122765953,-119470.122765953,6636,33.948025256849,0.00407028349992582,0.51791181655336,1.03276068441241,0.0109124981030658,8.42518434183751,-0.248342489728615,0.802801108574828,0.803017701203781,0.823102171513021,2.21308146371541,11.6096460100921,0.9843459736585,0.813472729276449
103,"Global","all",12702.62850331,95.8188214730536,-95818.8214730536,6636,32.2664848917908,0.0042210902752803,0.522411562163754,1.02973535387362,0.0143312690099345,10.1953960054958,-0.257213935014753,0.834431792373398,0.802447839398952,0.819061589490365,2.61168314387954,15.6110827080586,0.963241566481482,0.774950934877836
104,"Global","all",12986.6354130884,185.76600513859,-185766.00513859,6636,35.5442630835304,0.00444259766601638,0.510986856019069,1.03935517913346,0.00827738912538231,14.8628318573427,-0.255634049269153,0.880927816223551,0.81261905224553,0.822006490872225,3.52252810515091,31.5295360001883,0.999216947062204,0.846475808313284
105,"Global","all",13588.0285386296,145.504434051901,-145504.434051901,6636,35.8317995160306,0.00422395283232981,0.488371067306373,1.00063120431251,0.00888292747449016,7.38073935398645,-0.29568577428982,0.818013638688235,0.819480127515877,0.797934262244127,2.39483179535153,12.0482214430475,0.957890058477195,0.811873716424218
106,"Global","all",12990.8071478619,152.584679068221,-152584.679068221,6636,36.3471969276186,0.00493991015660232,0.510822762932956,1.04825532328032,0.0108914914029988,7.77202920572052,-0.243862874555469,0.823858421308826,0.817848872916178,0.822759586521345,2.02309644986917,9.40800530069441,1.01253977588038,0.86438313913617
107,"Global","all",12847.5359265806,140.9467973272,-140946.7973272,6636,32.1608471799712,0.00380838224860217,0.5165192794885,0.999898198608871,0.0138088545314461,8.4233608350442,-0.272498978953353,0.775115810069021,0.787188430636767,0.807054906041476,2.46395216598917,14.7612037663765,0.954214799918549,0.772806292402629
108,"Global","all",12691.2426819746,83.5975610662507,-83597.5610662507,6636,32.4916067316331,0.00410068112954684,0.522880238467517,1.03140613370614,0.0132837083558107,9.53576762688184,-0.2524795967396,0.819707016914624,0.801773186410653,0.826532129671665,2.43952510830743,13.8168887067902,0.967619410408312,0.779782672261721
109,"Global","all",13105.9776382855,110.336718355238,-110336.718355238,6636,32.8444172587409,0.00433459293416414,0.506333841179065,1.00317247522897,0.0106105283839971,8.61673444440346,-0.282376681998674,0.800478863833851,0.804391186017803,0.80141190252347,2.45563936451575,13.8607978618794,0.943955558948487,0.765628717662733
11,"Global","all",12741.1383738235,136.247889550597,-136247.889550597,6636,31.6130762059688,0.00449207900930081,0.520832582246622,1.01837456202113,0.0108823435895874,9.73753968554824,-0.26438694607268,0.849210341786573,0.789181567777287,0.793611399786397,2.92525314452771,17.960183513506,0.953989584288448,0.766314803076828
110,"Global","all",12858.9795588955,132.074725905398,-132074.725905398,6636,33.3301329719271,0.00395741696483076,0.516059611853838,1.02299055656486,0.0154928981283903,9.52535043264835,-0.257747700342845,0.802872371873515,0.800546205739802,0.81997101185267,2.39793026169643,13.7401162342294,0.970451158636986,0.795204866110636
111,"Global","all",13406.0209852343,118.440206958551,-118440.206958551,6636,34.784359336756,0.00418083272693319,0.49500146294781,0.992946074881635,0.0151838174475666,18.6614368035797,-0.291345833957112,0.832191865389314,0.806636808894517,0.79695821671677,5.10378607227598,77.002909568829,0.953703563152559,0.797848038085691
112,"Global","all",12926.5372807396,139.538113956477,-139538.113956477,6636,31.1202539860474,0.00389126009079758,0.513362539083655,1.00439592199597,0.0155761687483839,9.92705758945176,-0.276192629330539,0.825589232748295,0.791301492847633,0.797452415845696,3.03720140461667,20.6885465058427,0.932548731158117,0.744655188287171
113,"Global","all",12923.3588999951,142.82995662733,-142829.95662733,6636,33.394149270085,0.00448262802729607,0.513488795858058,0.997110700954347,0.0113096336303119,8.44175541374386,-0.274179291943998,0.77487411617289,0.78790002744215,0.811068579286727,2.63068207174072,16.4291846375208,0.971768555741552,0.807213648233971
114,"Global","all",13004.2695299966,84.964940915436,-84964.940915436,6636,31.340391747046,0.00423899261619312,0.510293944976528,0.999744302262821,0.018943686585241,9.32056141746677,-0.279744534804385,0.783083058880127,0.796690684384134,0.795895060195905,2.27577628036418,12.2955758414412,0.927648306032176,0.738425710561862
115,"Global","all",12757.9257248053,101.652268706793,-101652.268706793,6636,33.5783760712186,0.00406592150823133,0.520147251453076,1.02663665026032,0.0121315448779667,9.73578736670225,-0.256365122896187,0.814356987384737,0.801549335034256,0.825879504858928,2.51721252848419,15.2141773363447,0.983688984736795,0.809916833054258
116,"Global","all",12778.2096872264,106.85664710798,-106856.64710798,6636,33.8756546111963,0.00447331335753179,0.519321576529897,1.03491508942229,0.016108379091324,9.25762846647303,-0.25418305981574,0.842603845114136,0.806728348287107,0.823586168849541,2.66318952296196,15.9669530067583,0.982947735040967,0.805673879385982
117,"Global","all",12866.512969434,131.326921048269,-131326.921048269,6636,32.2428853431443,0.00466265105952097,0.515757456255992,1.00259683596952,0.0145072475150756,6.64113061456627,-0.271866244595926,0.761976719702936,0.792872387884325,0.812979134764008,1.96799201916443,8.94530805546783,0.954276075421483,0.771746619857908
118,"Global","all",12782.4172887079,96.5737689555076,-96573.7689555076,6636,33.1430378604304,0.004530655373349,0.519150630910972,1.02731685283861,0.0192669144637663,9.66834569745076,-0.261565614614749,0.834403666919267,0.8055093275413,0.826116978550711,2.56481121220088,14.5946863823253,0.973082023882043,0.787529527286632
119,"Global","all",12794.9128556186,104.356244845155,-104356.244845155,6636,31.9221105160151,0.00409445620389948,0.518643626172564,1.01238285860331,0.0131569967382401,12.2755722675272,-0.265479058442107,0.820626458481131,0.789470326755513,0.809045435602073,3.04637985769622,22.9000706552232,0.955507563911357,0.772787334461314
12,"Global","all",12835.6851644019,144.089527686669,-144089.527686669,6636,34.301510448559,0.00420164306230901,0.516996164599313,1.02421568022553,0.0117885682572885,11.6891919156593,-0.259315839490305,0.835752253093595,0.800110437615791,0.819257671017314,3.17794355398902,25.4724529591581,0.989069123659865,0.82024014998725
120,"Global","all",13161.380579204,174.110139699244,-174110.139699244,6636,34.8221485329721,0.00456327943623075,0.504202424667013,1.01650101568598,0.0128745105095645,14.9144771745899,-0.272256995695113,0.870467362273693,0.80519848871415,0.811966088537626,4.29815977383459,46.9317905941662,0.975824152480875,0.820917940996359
121,"Global","all",12854.1949101564,114.256240176889,-114256.240176889,6636,33.2722772528445,0.00474584696361077,0.516251701983819,1.02013423541119,0.0159940142532337,8.98962136432157,-0.26442540421646,0.807306743690206,0.803773319680499,0.821044005608008,2.40327425069515,13.9048890827254,0.972396867061716,0.802064417214758
122,"Global","all",12900.0011842536,134.114994487591,-134114.994487591,6636,33.0221957252703,0.00367111582246603,0.514418557426201,1.00398496660112,0.0096196487857283,9.25677596059766,-0.272103802703341,0.782534806787355,0.791216214551505,0.80685902114201,2.3169249422219,12.7771733100515,0.964874544303404,0.791237087541613
123,"Global","all",12302.7425955448,93.7785631601718,-93778.5631601718,6636,32.2694564971144,0.00382305853315761,0.539391924074157,1.06265693955773,0.0157892379078814,8.58136680384998,-0.225292818812964,0.852099547746224,0.803085063134076,0.849879321641632,2.41750235069836,12.9413853881497,0.993982215954188,0.794686057771517
124,"Global","all",12550.6382904676,90.3907107297478,-90390.7107297478,6636,35.2385410685777,0.00378330079635883,0.528738048728576,1.07487508923412,0.0147263263763192,8.86682120180222,-0.221791826534746,0.894142859299984,0.813819527687051,0.859131640314744,2.74836452358394,15.75686883515,1.02411194713296,0.855106800552011
125,"Global","all",12637.4644827913,99.0592073024439,-99059.2073024439,6636,32.3416648896593,0.00441728902670561,0.525105333355149,1.02636988224133,0.0116765948938546,10.3164127436556,-0.250175359668333,0.811442021324636,0.790492980529131,0.828625426312611,2.69693200735099,18.1684390770616,0.972039755748371,0.784406655647386
126,"Global","all",12872.7136451766,108.228863793709,-108228.863793709,6636,33.5576096455277,0.00370828362669621,0.515509020313409,1.00880567277891,0.0137118152245056,7.54034631191687,-0.265567526389689,0.788738929862935,0.789938512560006,0.815164320664696,2.39442290676447,12.8141511597435,0.976282782054799,0.810157407017992
127,"Global","all",12882.8981645473,126.423041929715,-126423.041929715,6636,31.9860123405988,0.0041921012054773,0.515101486889166,1.01100808780717,0.0116115132828316,11.7892852954273,-0.272026769070429,0.825868448643668,0.79667118299049,0.813619578742962,2.98247310796348,21.2760395083716,0.947583094986607,0.762181227165961
128,"Global","all",13211.4011954902,174.764085398827,-174764.085398827,6636,36.0608425014657,0.00441142760036613,0.502293428365891,1.01871462031693,0.00945978560077016,8.74835870116697,-0.265713416462102,0.802210536990582,0.810689494779633,0.817847134709408,2.49363228186263,14.9733424253073,0.987117608430654,0.840362507684881
129,"Global","all",13002.8683056167,159.24394970175,-159243.94970175,6636,35.9094633367352,0.00376485320648419,0.510348935637037,1.04231346999605,0.0084142509029214,18.1173667602567,-0.24815587923202,0.870258528883033,0.811803051421728,0.825285524663829,4.1856488914083,54.5502060430059,1.00418113294873,0.856181323131063
13,"Global","all",12798.4670845348,120.265343256247,-120265.343256247,6636,31.3922207921757,0.00397245674869407,0.518499595003743,1.01151603079291,0.00962839694648616,8.32567162006938,-0.267686313887553,0.794241981062962,0.793596197360312,0.81078801710303,2.27458900943456,11.939150533792,0.941663704621645,0.747668404977967
130,"Global","all",12903.1280396566,151.024701672676,-151024.701672676,6636,33.6019726176756,0.00432868607041118,0.514293896767117,1.022575110502,0.0148017774112376,9.46566212017763,-0.261692752366777,0.813871322537011,0.803356488153674,0.820152361780054,2.47849719824623,14.5594562561181,0.972663227024373,0.801326868834167
131,"Global","all",12628.2623514359,153.92555456723,-153925.55456723,6636,34.5241440094453,0.00430278674472511,0.525487974142808,1.05175415828524,0.00941006870979326,10.0370679442277,-0.231012551767278,0.842618412621753,0.799749278449183,0.842754109567503,2.62341507395312,15.8310752931592,1.01161458459272,0.849824322543681
132,"Global","all",12877.7386125339,152.716994957297,-152716.994957297,6636,32.3037366885874,0.00417710685902747,0.515307865741365,1.00488457719851,0.00995080918914065,7.20609992671546,-0.270468426124516,0.779835816095416,0.79061733875125,0.804630736557566,2.23699784664905,11.2338504166165,0.954822626438077,0.776056869211023
133,"Global","all",13141.3315595664,132.929275947034,-132929.275947034,6636,33.9292664810083,0.0046213938880772,0.504971659068239,1.00591862688404,0.0112996682132,8.43518253254886,-0.274454363803924,0.792288329726574,0.801765983931734,0.811285812131165,2.55807121636163,15.6694201165535,0.960222227711924,0.795542404534436
134,"Global","all",12922.876650747,118.647527167836,-118647.527167836,6636,31.6444375463036,0.0045869068912426,0.513507957968197,1.00584360855804,0.013710181125734,10.9541027496768,-0.273756191714852,0.789622943187179,0.797522343546919,0.810662069248038,2.51395149232918,16.5068528927548,0.940388229783692,0.754806973566837
135,"Global","all",13107.7899936214,196.166692693844,-196166.692693844,6636,33.2552325118724,0.00370923781237938,0.506263832669677,1.00472937173221,0.00744324517693771,9.3539346993737,-0.282561027295008,0.815548602718395,0.803973674883276,0.800966947187324,2.71720492771595,17.1434213731652,0.950260023608317,0.777227856998123
136,"Global","all",13425.8115414065,152.945445898873,-152945.445898873,6636,36.7623199666136,0.00431505484636588,0.494271797241746,1.0203299545093,0.00899389767203543,10.352524063478,-0.273295254240666,0.810713586472654,0.822750697403206,0.814299604597114,2.26075757842839,12.8727076059416,0.983443190500827,0.841374852743664
137,"Global","all",13175.3613440438,97.4013769155534,-97401.3769155534,6636,33.0950536288121,0.00407328236921579,0.503667400590873,1.01110177155129,0.017408122093681,21.4136020431323,-0.287711044476265,0.924177680198957,0.809029856621344,0.789775000463517,5.75569870127818,88.5082936132414,0.943236423730708,0.767920228057063
138,"Global","all",12926.5435669548,106.335832503231,-106335.832503231,6636,31.0829536962874,0.00446836067946199,0.513362289433982,1.00160791050054,0.0152074380354801,12.2140264005626,-0.277493356747104,0.796952532664768,0.794144078819725,0.803554087449447,2.74569885737262,20.4079044890138,0.931599636512483,0.740128562204396
139,"Global","all",12646.6844335436,129.614291553864,-129614.291553864,6636,30.3578271328704,0.00405919677103565,0.524722510067455,1.01942844452607,0.00989525993782162,12.9365451027105,-0.264270234703799,0.836769613276888,0.793276780936835,0.802790874883354,3.02035908904455,23.0851507068652,0.937931399406774,0.731230422617396
14,"Global","all",12711.5217757343,125.006621347836,-125006.621347836,6636,30.7651344603225,0.00409999956834457,0.522046071043028,1.02057811916873,0.00997874306963918,17.9372021052307,-0.267741528455687,0.901063778155929,0.792611537892035,0.801131872734863,4.8258391200151,59.9894585600294,0.942433874697319,0.744913619392398
140,"Global","all",12878.3579668767,117.698304796538,-117698.304796538,6636,34.1040900902582,0.00413553162568931,0.515283083221317,1.01427075826111,0.0148723667061005,8.09148018020657,-0.262351879125325,0.78109338981614,0.797035520323146,0.819590196599767,2.20329419037922,11.3921722511853,0.982599560691202,0.817977826857631
141,"Global","all",12962.8332764393,120.052289373715,-120052.289373715,6636,34.6603393956928,0.00431246491379728,0.511925121498041,1.01051319554121,0.00989209740197677,13.675224866449,-0.269032701089972,0.796438137978084,0.80061149360666,0.819536136684077,3.02911955595605,28.0459246237671,0.984009058507189,0.820839931898448
142,"Global","all",12985.5190176601,119.938308103322,-119938.308103322,6636,33.0544942724272,0.00479878155032,0.511030786753705,1.01104278035529,0.013299437421463,8.92594965355057,-0.272466181226528,0.795255901112689,0.801838373612054,0.809157607344157,2.23370047195998,11.6555742522138,0.959427591452006,0.787177105783379
143,"Global","all",13151.6587321584,146.220029243321,-146220.029243321,6636,32.344726455391,0.0039883144060001,0.504575136501505,0.988121378409283,0.0097433964964356,6.89147179772262,-0.285750662796141,0.754400297655368,0.792573405500284,0.796153710778944,2.09348202246333,10.2744620977707,0.935240700360295,0.759302007637006
144,"Global","all",13293.3885946569,176.100241635241,-176100.241635241,6636,36.7406960227041,0.00425439589936431,0.499195517587384,1.00708529590079,0.00774219968750982,8.44700563322347,-0.273824979873224,0.792779280547178,0.803296112358073,0.816424144508786,2.4229980822329,13.4451081029329,0.996663210745947,0.860802997572767
145,"Global","all",13262.556677788,169.890951665526,-169890.951665526,6636,36.9565177014021,0.00411858347045966,0.500356014396068,1.02409394113106,0.0135098368030141,7.53021539005785,-0.262860426618101,0.806409226319329,0.814305197614322,0.827098152547449,2.27637599538241,11.7931666765611,1.00164115186559,0.862658473716252
146,"Global","all",12910.8460667412,171.766905112472,-171766.905112472,6636,34.2895615713823,0.00383464507359611,0.513986454930676,1.03914817541074,0.0170822525300716,20.6457535457476,-0.257874536605614,0.912336777082446,0.813537525923134,0.821893969702048,5.18811762827471,77.5875173545638,0.984607734996092,0.819893871934814
147,"Global","all",12985.181210271,162.080857911299,-162080.857911299,6636,35.3161945319827,0.00499775198396786,0.511044081136968,1.02789505340954,0.0105854336559042,10.2773891965715,-0.259461171867714,0.81928714080227,0.808323259768418,0.819688397468056,2.44853987616534,14.5198723142747,0.997624209842635,0.847624409180658
148,"Global","all",12639.4628518367,107.541602375367,-107541.602375367,6636,33.6563036978829,0.00457636541131423,0.525022311295113,1.05393036352488,0.0161445008587147,12.1378099392342,-0.245029678011745,0.895372886623924,0.812009064620105,0.82530003623075,3.0536539699691,21.1008165361134,0.993340462815751,0.814901967307421
149,"Global","all",12698.0237766086,108.401018687754,-108401.018687754,6636,31.1030895203903,0.00417637986041172,0.52260100601043,1.01240863063064,0.00974322083205873,6.14566017422421,-0.261581971302542,0.7749149098553,0.790352209067502,0.819162873118989,2.05883177969053,9.52577782383406,0.945772949527601,0.747636925536722
15,"Global","all",13395.828617189,163.738202775297,-163738.202775297,6636,37.0574790365282,0.00419946206646176,0.495378090421739,1.0199793831804,0.00887914271448259,11.9781902427621,-0.269941244782507,0.819638966921499,0.816381378507625,0.810760682230925,2.71556463354254,19.6309157691645,0.994664951447085,0.861665053167431
150,"Global","all",12630.4694841935,149.836653071949,-149836.653071949,6636,30.705927765144,0.00388789772219974,0.525396146857771,1.01071525590403,0.0134543626399255,6.83689854117441,-0.260090063768062,0.76806809697294,0.785851458293018,0.820510607046778,2.05734920520085,9.82165483695799,0.944380748718293,0.743420845640235
151,"Global","all",12475.2352072675,118.458313747322,-118458.313747322,6636,28.7874928203997,0.00391715941648365,0.531933858540331,1.00061529101593,0.0205673465892802,8.99039052330781,-0.265354323493829,0.773053536102332,0.774870385600485,0.813342718195255,2.57735113915327,15.9434026979625,0.924620436535769,0.70099338240404
152,"Global","all",12885.5390201046,160.71420641218,-160714.20641218,6636,33.7775766353742,0.00456014425470033,0.514995918265132,1.01010804111416,0.0144508388106621,6.89754678548259,-0.267613795533686,0.793259642194794,0.793243654949923,0.811594575496733,2.30159118050909,11.6223894028295,0.976945115134586,0.80716161347323
153,"Global","all",12853.9877298694,82.0568676347919,-82056.8676347919,6636,33.8078587396701,0.00402725426935617,0.516260022917216,1.00618388430579,0.0125266697244129,7.69089557356222,-0.268511487884398,0.775187244575269,0.792878833154755,0.814127772488715,2.3027918299601,12.7062319028482,0.979114980547151,0.805775028968893
154,"Global","all",12968.1678707041,180.329411986233,-180329.411986233,6636,34.9472891375302,0.00416538400634852,0.511714535635454,1.01115594391084,0.00869299552599611,7.00559608947984,-0.257328067109799,0.747617406853407,0.792113813312213,0.840730978343586,1.89283829985116,8.78656303210081,0.992973779936826,0.841916409521063
155,"Global","all",13104.2197540273,110.130754090005,-110130.754090005,6636,35.2116713597005,0.00428152203521445,0.506401764054711,1.0058711528985,0.0113758861975314,8.01520029344326,-0.270982771084944,0.77099927377857,0.799553457545742,0.814716951315662,2.10218518795921,10.4305609576439,0.982806910617111,0.824103226286205
156,"Global","all",13083.0664341739,116.579452146804,-116579.452146804,6636,32.6612418071088,0.00452470307218256,0.507220538349199,0.997564205198046,0.0114630148822811,9.47055490084965,-0.283970333281961,0.8174394456264,0.793040768984288,0.792376915259912,2.83389825653431,17.529620321087,0.947135803027445,0.774136053002081
157,"Global","all",12890.17454889,159.388339404373,-159388.339404373,6636,33.0226277593294,0.00507376877672714,0.514810716862747,1.01580764820261,0.011264818564992,9.08755273885314,-0.261870254908445,0.796258513031411,0.79627128344278,0.824304955737177,2.40819614516254,13.3222386828233,0.964688566517692,0.792149908702489
158,"Global","all",13160.5467105703,104.863647925781,-104863.647925781,6636,34.0742963058581,0.00410149900298955,0.50423437156073,1.01159282395561,0.0171234661576176,14.1481711484447,-0.280018140327676,0.885904385318627,0.805891382578865,0.805323457568698,4.39826262473978,44.190111672702,0.961493497680502,0.79884886572069
159,"Global","all",12679.2743040792,129.254865589259,-129254.865589259,6636,32.7404236741948,0.00453456299090866,0.523373802068868,1.02351343505471,0.0158658238360944,12.3663347170557,-0.256068150202613,0.827635333695863,0.792425132840902,0.818670754683819,2.9611943705702,21.7504505249826,0.974923949754875,0.794537379903998
16,"Global","all",12891.074824899,132.855724273676,-132855.724273676,6636,30.9573046071083,0.00382042316317552,0.51477476394619,1.00388612307586,0.013192903660761,9.47596230969428,-0.281594784362094,0.82441722557688,0.794976261176763,0.802885432626337,2.64775166043827,14.9566361791189,0.930192487531458,0.732896991153954
160,"Global","all",12660.8767516091,117.958782011553,-117958.782011553,6636,32.7612816481335,0.00438939045482624,0.524134317882575,1.03462412778141,0.0130845699683469,8.46793198489378,-0.249573044680068,0.822334535967101,0.802156982980483,0.830904789435822,2.39012500591992,12.6287621492715,0.976903109809289,0.794027294858787
161,"Global","all",13072.1011198253,94.9767675478225,-94976.7675478225,6636,33.7891374109796,0.00447444929286889,0.507646011851586,1.01923035880457,0.01717810449157,7.90106024310527,-0.275010852007498,0.817675180095803,0.816061873083324,0.812937044719275,2.2000487067542,10.6710864247119,0.960371836941025,0.785609828216067
162,"Global","all",12443.3833902634,113.876273629572,-113876.273629572,6636,32.2662881225467,0.00408736796739593,0.533295470522308,1.05632323384185,0.01643101073473,8.38519917384928,-0.230242362228086,0.836893310604763,0.804461231930881,0.841771934993979,2.23856958192755,10.9568892870285,0.984633266081529,0.793176131059491
163,"Global","all",12953.4166803224,144.4364092439,-144436.4092439,6636,36.234171883769,0.00383023764448813,0.512297269806877,1.03436989039698,0.0124791727429403,7.27044475506748,-0.248512217051712,0.805893420808864,0.807904358362399,0.840289135510434,2.22641172735869,11.2006241148419,1.01416060815501,0.868210444843101
164,"Global","all",13288.7564177754,156.257973378584,-156257.973378584,6636,35.6144534823135,0.00450934522642486,0.499369526491095,1.00895663768596,0.00955550682557544,7.883729936754,-0.271590355917665,0.798574052185453,0.804333542681134,0.820731335861658,2.62154145301505,15.267423396755,0.977912887114521,0.835705946276685
165,"Global","all",12902.8996489568,92.8430361462438,-92843.0361462438,6636,33.5111597819763,0.00438571002433401,0.514303000142802,1.03275025962418,0.0139681659197141,9.60936107778797,-0.260720969883288,0.848862352188425,0.811920955637806,0.819786809947406,2.64271490776332,15.5027700260195,0.96969742998214,0.793542194571756
166,"Global","all",12811.4313015988,137.054825222985,-137054.825222985,6636,34.5020409546728,0.00402152915525714,0.517974911918845,1.04001145332337,0.0147209583289925,10.2228750935822,-0.249408024332112,0.833093204984145,0.810477513014683,0.831085605661992,2.45249160759999,14.2201785323253,0.992200912680602,0.822992820914322
167,"Global","all",13414.9856295497,152.817610088694,-152817.610088694,6636,37.1306754661358,0.0051072107130516,0.494670675262049,1.00823048206063,0.0111025920169853,7.49365496019871,-0.27225542511488,0.780199849210244,0.807947457930867,0.818185232232764,2.23918019683049,11.6561926032927,0.992760583614478,0.860422386118444
168,"Global","all",13077.2901654755,149.959070088356,-149959.070088356,6636,34.4255148083232,0.00444309747756471,0.507444578810315,1.015928270829,0.0111243946646286,7.26489138392702,-0.266555875802158,0.792847314657314,0.806712967220598,0.817078621244258,2.26407530393381,11.7607191701708,0.973177863433103,0.812104005087983
169,"Global","all",13051.3661234233,172.14812996612,-172148.12996612,6636,32.2234719555841,0.00446722474412489,0.508452520390975,1.0059859220872,0.00741278561639736,12.5245616209078,-0.28209839170195,0.845223994955576,0.798973180528045,0.804768954758383,3.2638665385127,24.8022379150641,0.938405187992515,0.758042168908455
17,"Global","all",12865.8274243698,140.254568246839,-140254.568246839,6636,31.6772846705015,0.00490383285029576,0.51578493796912,1.01584038315397,0.0107291838193852,8.46172203093881,-0.272256256678033,0.835238619427803,0.800189038220661,0.802441892950606,2.63171917684354,14.6583925035525,0.943838782855688,0.755691370189121
170,"Global","all",12603.784163879,167.455531306553,-167455.531306553,6636,34.1134727107444,0.00410318018728847,0.526508540111153,1.05926271893637,0.0148460115861512,9.01357903692835,-0.227887007044637,0.849397485957819,0.805194248382465,0.842371709979743,2.38005821995045,12.2894773235773,1.00421657573676,0.83590050543452
171,"Global","all",12762.1864521701,158.591537990769,-158591.537990769,6636,32.3433794774131,0.00475266257563341,0.519973597382414,1.01542762916824,0.0106373430802563,8.49515738090101,-0.258904678721723,0.781254452766245,0.792456193998028,0.825018800432446,2.26306500113785,12.1698657569015,0.964452367670881,0.78331165099311
172,"Global","all",12737.8607557314,102.522577438787,-102522.577438787,6636,32.3794495138483,0.0042370388074133,0.520966599278777,1.01748451075203,0.0196077654744082,11.8866956895447,-0.262018018032711,0.805739229272796,0.795972949627285,0.818656647119869,2.79995855012586,21.2940161055476,0.96571010792499,0.780591746418745
173,"Global","all",12762.830304618,130.97116194689,-130971.16194689,6636,33.4482473934315,0.00368456529685739,0.519947366032037,1.02600807179839,0.00958264662479992,11.3276773134818,-0.252013942362004,0.811228082212869,0.79582291188307,0.839651932840106,2.74280138482184,19.0216707636802,0.982717425736778,0.808592574809622
174,"Global","all",13187.6543587057,155.436312564213,-155436.312564213,6636,37.6001689059716,0.00398059004570777,0.503197901575215,1.04809790697865,0.0083263367788465,8.12729719169337,-0.249997307832102,0.840033738065616,0.827749619526513,0.830910104371123,2.28812339593815,12.0857895832444,1.01635212560448,0.879599629354249
175,"Global","all",12766.8962418341,149.802580455433,-149802.580455433,6636,35.1256368174876,0.00399553895474411,0.519781775797266,1.05444892275063,0.00907363284463127,7.41303383053637,-0.239329018507079,0.847145461654938,0.81413292306015,0.839595335179513,2.21344773181099,10.478307086272,1.00896407507688,0.84710709675007
176,"Global","all",13045.9379288422,113.821848109272,-113821.848109272,6636,34.1469340676087,0.00456759599051176,0.508664078902987,1.01946289701478,0.0155391440205268,11.5231661099379,-0.270150468468073,0.846759456545545,0.805290343527043,0.809129683364332,2.97615718484332,20.7135893229128,0.970087926450947,0.804486555835566
177,"Global","all",12877.624969268,89.7435091659686,-89743.5091659686,6636,33.4204914045517,0.00435358577300059,0.515312413262273,1.02367030948616,0.0134891312821145,13.7332723388613,-0.260766849418911,0.841532644180755,0.800739204397777,0.812727443060196,3.31594732622859,28.1733631863036,0.970451758804537,0.794661845926887
178,"Global","all",13396.0102542015,193.214201354303,-193214.201354303,6636,36.593236774615,0.00444741403184572,0.495371373571376,1.00132060457493,0.0122134479785364,8.96092886195907,-0.279301073767118,0.78242091293116,0.804601176810396,0.806293625359889,2.31981675499968,12.5893438228353,0.984792560283858,0.845602501499675
179,"Global","all",12740.8232869875,166.87416708914,-166874.16708914,6636,33.9627144873853,0.0040636950749706,0.520845462692942,1.03343595829135,0.00930088740531204,9.23873205640325,-0.250384948888576,0.832625259614556,0.798953483063756,0.818812461924087,2.54869758069487,14.3832258628466,0.995191125919228,0.832983153487353
18,"Global","all",13385.1601716394,115.409604570372,-115409.604570372,6636,34.5823131887972,0.004701681797704,0.495772924261335,1.01219891511727,0.0119334325483167,10.1921832766036,-0.282535425738531,0.836477505587158,0.816034830438527,0.798549920967352,2.75719433240854,17.3657770882966,0.954598186476613,0.799976678996395
180,"Global","all",12785.9222486593,85.7864514079959,-85786.4514079959,6636,31.8866266487009,0.00404506573544202,0.519008317972202,1.02051384975091,0.0168066090567535,14.7821157179268,-0.264859819833471,0.837748067942976,0.801411017210819,0.81932689906653,3.43760098446771,33.1488220618372,0.952180782945061,0.758515360958968
181,"Global","all",12785.2909865936,127.245702449422,-127245.702449422,6636,35.1568040412929,0.00408818584083865,0.519033943533893,1.03245799114767,0.0106549839812355,7.50541635666376,-0.247236894073361,0.80853712216484,0.800492084076173,0.833887543386576,2.36689253878674,12.5083960581532,1.00567340543748,0.8415338666281
182,"Global","all",12973.5526228263,137.351331487368,-137351.331487368,6636,33.0733180151138,0.00434263535635087,0.511502145397266,1.02014519481071,0.00862257823091853,9.22655099232957,-0.26447213817735,0.813579269865975,0.804091640659594,0.822681079356533,2.46031719134536,14.0193237143256,0.956565615024762,0.777788171801569
183,"Global","all",13191.7116359665,143.632561657165,-143632.561657165,6636,35.4674110601165,0.00474248459501293,0.503043136715275,1.01780003999161,0.00979239751109028,9.39214670672735,-0.270047180674421,0.836737963385559,0.804547854961244,0.80951774368637,2.71534691630941,15.9146213569701,0.982455179381523,0.831954046134573
184,"Global","all",12959.9609670429,103.467091630705,-103467.091630705,6636,34.629442818864,0.00440379411490077,0.51203857919598,1.01531418525979,0.0111857014479302,7.26225711030541,-0.26250637047744,0.781583888055374,0.798984558008266,0.819373253639195,2.10672518280212,10.1738639829289,0.985824039160572,0.825410842653239
185,"Global","all",13001.2120712128,124.811413503543,-124811.413503543,6636,32.7275524188859,0.00402625464625951,0.51041394938041,1.00965195368475,0.0155544298709005,10.1955900823429,-0.276298653503281,0.807817266395207,0.80531274727478,0.803782793494319,2.66876492733887,18.0708297113624,0.949413448416869,0.771177521593181
186,"Global","all",13283.8290436782,128.159660730245,-128159.660730245,6636,36.5166403268097,0.00433300262469219,0.499554757756999,1.01814001945983,0.0111860281156843,7.9094367208207,-0.267824433965308,0.81456529050594,0.810080318656939,0.822643301850265,2.50962936897522,13.6784080885851,0.993906799263373,0.855163450223553
187,"Global","all",13088.6761708744,176.748776446654,-176748.776446654,6636,35.7217745021545,0.00434581597529477,0.507003146335518,1.01670654215993,0.0108263157213413,8.13461821156228,-0.264808736801548,0.793026352161416,0.805231588559746,0.82701765604492,2.27588966567327,12.2218498528684,0.995213945518198,0.848799490453063
188,"Global","all",12629.3589726715,89.1018034333837,-89101.8034333837,6636,32.5440239494849,0.00408814040342516,0.525442345439663,1.042575417676,0.0115548468265418,14.3086332446568,-0.242817511803966,0.881508960523374,0.798971367812486,0.830364178330907,4.1109278425899,42.6093836600758,0.975169325109947,0.787554965883513
189,"Global","all",12917.9001682266,122.514383626762,-122514.383626762,6636,35.0587299063743,0.00460599060490601,0.513705781402626,1.0381528556051,0.0147457720979211,13.1472513559744,-0.252261330994997,0.873592355554365,0.81085330712396,0.839692902458345,3.76881345118539,34.5432033235216,0.993240563644562,0.831801245912824
19,"Global","all",12579.0704228904,85.1310928464982,-85131.0928464982,6636,29.9004868600656,0.00393301707378968,0.527542956427394,1.01285368393338,0.0172341292588174,11.8320535802004,-0.262966772363724,0.814122177062034,0.785017723555442,0.816868634483864,2.97173189122696,21.8562796811239,0.936104143389172,0.726864179940504
190,"Global","all",13198.3073326609,148.030195884648,-148030.195884648,6636,35.3248990173814,0.00452879243939615,0.502791746906698,1.00722104812587,0.0144027716614526,6.58225930586562,-0.273142588515054,0.784201280338279,0.80254387352343,0.816547048478092,2.13777700139387,10.0179966299839,0.97827703083121,0.826823366953366
191,"Global","all",13002.3857891967,151.981975191507,-151981.975191507,6636,35.8821807437676,0.00445572907851335,0.510367874602953,1.03280058488212,0.0107051968873505,12.5941053884562,-0.253599118974798,0.832749207463049,0.808218238746501,0.830996999026037,2.89164031073483,21.8460074500624,0.999282598449387,0.844432302486478
192,"Global","all",12986.1464017139,131.159354339829,-131159.354339829,6636,33.3952906637141,0.00458522570694368,0.511006097938659,1.0190945640659,0.0124063200537334,10.8468792871695,-0.267854850327318,0.833920241201483,0.805562786595891,0.814792600330617,2.94722079231669,20.1066226845681,0.958709526274063,0.782107589738901
193,"Global","all",13060.8913080277,177.96215972652,-177962.15972652,6636,35.3506700619599,0.00447458560510935,0.508081710772775,1.03700460919958,0.0129222121266882,9.04707597003164,-0.255284050088747,0.84158292383622,0.815325602044886,0.819350252155481,2.52217563888237,14.1025483711052,0.993270191885276,0.843279236207098
194,"Global","all",13133.5191560349,128.776564196395,-128776.564196395,6636,36.2948381756395,0.00458804282657971,0.505272038755178,1.02472717053719,0.0136857510851057,14.2985642128326,-0.25979981951763,0.826788487565633,0.807476683157638,0.825304389710016,3.17526474612494,29.1939018176924,1.00044782987532,0.856452187162922
195,"Global","all",12965.4432921463,116.810442362341,-116810.442362341,6636,33.8445561899791,0.00412580801920367,0.511822068129338,1.01886712556989,0.0133028043635949,12.6085111740613,-0.264067056411606,0.822396871359182,0.80189844639615,0.824186837245717,3.06458072925479,24.263307011441,0.971583459188108,0.802458567458818
196,"Global","all",12692.4523111031,134.193079164103,-134193.079164103,6636,31.9104143356929,0.00468941369606323,0.522830406397897,1.01860413736802,0.0106702379462056,7.6555669103443,-0.251330647791625,0.778459800421392,0.785297361875749,0.818024095410234,2.24384229668079,12.148593226658,0.962088145087688,0.778810142269782
197,"Global","all",12810.2431122247,127.447783101579,-127447.783101579,6636,31.6747851690378,0.00441956089737983,0.51802295568203,1.01672632122262,0.010846877058601,7.55613837516372,-0.264052481417367,0.800572507641644,0.797431694612696,0.816078671356644,2.29058816606918,11.6961313414928,0.948941421651426,0.760787163880113
198,"Global","all",13377.6352359654,158.455071525051,-158455.071525051,6636,34.7868630657142,0.00419282820409305,0.496051797118767,0.991272990365764,0.00914688978571581,7.57701979053953,-0.291964433644334,0.784309514283448,0.804047920521676,0.792644495795423,2.36862556966343,12.625569234627,0.955941479641498,0.800253720093979
199,"Global","all",12749.5571387616,101.543412893106,-101543.412893106,6636,32.3395325816311,0.00378302817187792,0.520488667000442,1.01991161878145,0.0147369170796131,14.0611366764166,-0.260935883480895,0.830138985283145,0.795812090306331,0.820573443349776,3.28395132721537,29.1243321493739,0.960275515494792,0.769289373696465
2,"Global","all",12838.1620978833,134.422454947519,-134422.454947519,6636,31.2506789904571,0.00395051047798114,0.516896417836481,1.00590935926733,0.011756971473621,10.2018576585208,-0.270498820598799,0.802539930659198,0.789707711123083,0.804564827368456,2.83271700644554,19.3731810956905,0.938205661417762,0.743457037888267
20,"Global","all",12590.1697074054,114.641466085462,-114641.466085462,6636,31.4056290626928,0.00414589135596374,0.5270778833185,1.02226233740485,0.0122682304044675,11.6146136592715,-0.252421314887312,0.787916550953826,0.79121853944733,0.8277230752784,2.47318430502156,17.5832002909658,0.959225338865801,0.765386496021272
200,"Global","all",13019.6572322244,117.122794780236,-117122.794780236,6636,32.9873004462318,0.00424358179495504,0.509690837603273,1.00954330395683,0.0151026051147387,9.6799997727977,-0.268465377953106,0.77435929270603,0.802143101076051,0.82508473020171,2.30471638763753,13.7137209961293,0.950142094398974,0.770992947077495
201,"Global","all",13467.2244123111,202.051953405548,-202051.953405548,6636,37.6732880543006,0.00409681894940067,0.492751869043903,1.02618511694086,0.0106165323904293,8.71593572691097,-0.2703231165657,0.828060653583057,0.82547577766225,0.817880833131366,2.44630313474524,13.9599827860651,0.99635476489692,0.86534977373277
202,"Global","all",12662.655952789,97.0863672851435,-97086.3672851435,6636,33.2903613092949,0.00415211628161109,0.524060672953718,1.04554938808047,0.0114365373218375,9.22686216222523,-0.243753873826328,0.856331918903346,0.805880787374441,0.836875156827787,2.79049579199128,16.9531247633073,0.98392258035001,0.802402528069874
203,"Global","all",13175.9037281844,127.972547817675,-127972.547817675,6636,32.0041286293181,0.0042767511067986,0.503646667196348,0.996527998269159,0.0144497859478612,12.1716096655631,-0.294839034935875,0.845007417426128,0.803705362766238,0.78832158928274,3.40690945612138,26.781762612094,0.925991655146064,0.742311320248981
204,"Global","all",12662.2188036761,120.979856662478,-120979.856662478,6636,33.2371674002291,0.0045816815886919,0.52407876556938,1.0331195048871,0.0116472954884702,8.42615001724857,-0.242361088858054,0.793996135948028,0.795202898432376,0.83588446493301,2.25259152046404,12.3068202550886,0.985086708870299,0.810811143721857
205,"Global","all",13213.3343724506,103.847611593804,-103847.611593804,6636,34.4118479781653,0.00371546273802673,0.502219940322999,1.00471742300854,0.0140097794012269,8.07599589402065,-0.276705773728704,0.770697569409561,0.808382841828805,0.815959374298431,2.10759791575526,10.8000331522828,0.958255252819188,0.795133583702119
206,"Global","all",13200.6554957214,173.989585341915,-173989.585341915,6636,34.5690421717951,0.00368197536428878,0.50270230915055,1.01596483626375,0.0195579250381771,10.919147741039,-0.271953191461506,0.818482773527579,0.814593561813325,0.819175395916775,2.9258471213197,21.3733750693926,0.964935643573794,0.806473305969022
207,"Global","all",12820.0627066293,105.486274841474,-105486.274841474,6636,34.1275723282024,0.00398277104155501,0.517626173276707,1.03169406373637,0.0104086981165076,8.01005263296792,-0.254963702282931,0.819258990286165,0.806077219491088,0.828392257737995,2.28059641888756,11.7217990866217,0.98520382325708,0.812352531913326
208,"Global","all",12717.2837933803,101.221522040001,-101221.522040001,6636,31.3764647555234,0.0045211135165173,0.521809539506713,1.02080541515598,0.0122567640738011,8.52249158381638,-0.261590507759541,0.819594815398782,0.793475118455374,0.807549640423991,2.48092417734532,13.8272151994262,0.952361102831053,0.76250099856142
209,"Global","all",13241.3814747527,110.62569696412,-110625.69696412,6636,32.5032116104129,0.00410495224641436,0.50115616808207,0.984094855623846,0.0177132105416955,13.7245118632046,-0.296905090480604,0.796207484587039,0.798419035210933,0.796160249713234,3.35870398703545,31.3316545156372,0.928642719688624,0.753016164929972
21,"Global","all",12943.801396929,136.789509817169,-136789.509817169,6636,35.218601127185,0.0040416579294307,0.512677829062988,1.02426583941929,0.0100894856005159,8.19024361166087,-0.260557201441347,0.823173128112451,0.805354217570343,0.829938762882366,2.63235358332056,15.0159791562816,0.995705429500817,0.838430860317948
210,"Global","all",12952.4006042714,118.456877720778,-118456.877720778,6636,31.6632468984981,0.00382551215348577,0.512337457954437,0.999243056730582,0.0199694975978234,6.38585117146266,-0.278156166329756,0.760521649420632,0.796483708939488,0.809078607142856,1.92281622857214,8.78576161163755,0.935002213023466,0.74400146541448
211,"Global","all",12798.0154839197,109.040764424403,-109040.764424403,6636,32.3701224111941,0.0043106474172579,0.518517891179143,1.01923113363917,0.0107334624163104,7.56292106094835,-0.26398036542605,0.8140868368248,0.799242223274962,0.820630910881301,2.44456139738157,13.0171439607251,0.958219098507322,0.770870769366082
212,"Global","all",13113.8718540322,114.348590143787,-114348.590143787,6636,34.7295121476248,0.00441924283548544,0.506029041145431,1.00777721516363,0.0107999031967059,8.41100943681477,-0.27385252153943,0.79177017810445,0.802083845235494,0.818406237899217,2.38645330651702,13.4566330720301,0.973745734050834,0.811547841506455
213,"Global","all",13002.1953463097,125.752153882115,-125752.153882115,6636,34.7925493752483,0.00521376144767234,0.510375349950687,1.0300938214775,0.0131137478969789,12.3008823400396,-0.255153982432216,0.843761622418716,0.804077929587668,0.829209620613337,3.08584937955338,23.0244575130693,0.986403654104029,0.828985247745953
214,"Global","all",12938.0937680186,120.628517098363,-120628.517098363,6636,29.7469147413132,0.0041097686122437,0.512903996445244,0.99234470637847,0.0179541340011098,8.29904162909846,-0.28718757563603,0.792126432035359,0.791785496552251,0.801510654479094,2.47051676108195,13.1613078836883,0.910337522810291,0.708485046244347
215,"Global","all",13435.2998454955,125.707947108546,-125707.947108546,6636,34.9511046696253,0.00402566395988422,0.493922731633331,0.992617514636627,0.0150424338770316,6.39632210727661,-0.290686294942058,0.774553051260209,0.807503688162446,0.795766406552544,2.14089177246679,10.2144048885535,0.95554873541095,0.801366751156472
216,"Global","all",13094.440602609,126.394574831426,-126394.574831426,6636,35.6354345381741,0.00450075755527632,0.506779953523011,1.01615942118673,0.0108172933564359,7.04817003826467,-0.262569748549099,0.793743915408343,0.799389488959148,0.820578896153561,2.30377816084885,11.7874843021157,0.992164476131195,0.842087937335003
217,"Global","all",12955.8410382755,114.762060392614,-114762.060392614,6636,34.4754649857137,0.00447467647993631,0.512201406330566,1.01180374973992,0.0156261795040401,9.59202121789469,-0.267228724420614,0.799116846177187,0.797422734165496,0.812483292002044,2.50223058762297,14.6185845974769,0.987274983508351,0.832317658296924
218,"Global","all",12832.5727661988,147.328794871017,-147328.794871017,6636,32.0735127619849,0.004449504152866,0.517121556285218,1.0088158352753,0.0177412211039939,9.4499742147893,-0.270421705487778,0.7950798363364,0.79539267372475,0.808410561791193,2.50670524974027,15.2219501345456,0.95651547437682,0.77702818550399
219,"Global","all",13139.7752535313,189.590805291222,-189590.805291222,6636,34.2032339100805,0.00544594663057724,0.505031469104966,0.984016873579227,0.0100379696257659,7.00169984379601,-0.281768834505843,0.725693027022646,0.788138986499477,0.810521268543487,1.98702604233024,9.82080326147717,0.966022782583753,0.808895499601547
22,"Global","all",13014.9666298126,124.49071201377,-124490.71201377,6636,34.2219361963686,0.00382274047126322,0.509874530511613,1.03198216201643,0.0152848404618314,26.4343440554346,-0.265865611777794,0.962180225265615,0.811820845574465,0.824644672323646,7.78687535073634,161.593287186387,0.970760817172703,0.801138810040619
220,"Global","all",13097.0286794363,106.065039216225,-106065.039216225,6636,33.9214679707867,0.00415802314536405,0.506679809781527,1.01412051249844,0.0132177837290239,9.42843639115814,-0.272993196931733,0.822069597028313,0.807107758044738,0.816586770262766,2.67498045095422,15.8788393496685,0.963568989524994,0.798329506881575
221,"Global","all",13069.790916683,108.674474591179,-108674.474591179,6636,31.51856356207,0.00434999621733533,0.507735742851817,0.983398690357216,0.0105549362643076,14.347344857787,-0.29217615753725,0.795304828727874,0.786390475793102,0.787599844773679,3.63150614033822,38.455847431349,0.926496084585055,0.740307965640965
222,"Global","all",12991.7325563185,145.287339170271,-145287.339170271,6636,33.4607596934025,0.0043419537951486,0.510786376738688,1.01110663583446,0.00911043938688532,8.80922974909763,-0.269215234594023,0.808680302376259,0.79706463720053,0.807395175179431,2.64759458519458,15.8492027196077,0.964062496537356,0.794664844858513
223,"Global","all",12835.4022824688,169.837892030835,-169837.892030835,6636,32.5970370998192,0.00416842831305197,0.517007558778562,1.01725564073502,0.00778247751234052,8.78233869706211,-0.262932395524654,0.799726011381624,0.79588036106563,0.808926051359275,2.39167115183536,13.9604165020507,0.959480247447239,0.776422259163979
224,"Global","all",12709.1301851938,117.011327107651,-117011.327107651,6636,34.2783573761677,0.00393951462391794,0.522144309114954,1.05455760723251,0.01460142316581,10.7224525477178,-0.242357514791597,0.873698830307722,0.815326870017034,0.830427649679909,2.79583686434281,18.1378485822558,1.00091446224799,0.835468460663397
225,"Global","all",12696.2757139045,107.832192027781,-107832.192027781,6636,33.6569828036262,0.00422676995196584,0.522672959341334,1.03056621298964,0.00992048138927335,6.10326291778471,-0.24594227172106,0.784469837676375,0.796337101316693,0.834156012099122,1.9342380334332,8.53700783198166,0.987951144547385,0.810560876364447
226,"Global","all",13072.1929028619,126.159464258495,-126159.464258495,6636,33.7693667316152,0.00417315380405434,0.507642447545826,1.01908800607308,0.0135748186576606,8.92683792090829,-0.267478276427018,0.804639389726631,0.809695942347936,0.816409544347211,2.34543884234031,13.1627503761724,0.961391100421341,0.789749536240522
227,"Global","all",12966.8391711102,160.997791483713,-160997.791483713,6636,34.4891311778158,0.00414552785665587,0.511766970533947,1.04029040832933,0.0115502188509756,17.6560787098089,-0.251555543928521,0.875925997903873,0.813453275725907,0.842136692100984,4.21965062636295,51.5050536449772,0.981586288467847,0.816880481433109
228,"Global","all",12624.4897216163,130.388137535357,-130388.137535357,6636,32.644448612609,0.0044358729288207,0.52564500794337,1.0302979436039,0.0108071332831408,12.5724408695262,-0.24602459048622,0.811422538385096,0.793409127748235,0.831032340339137,2.88583737486844,22.77343225186,0.979336546154955,0.79929866687389
229,"Global","all",13169.4917379082,128.15585176249,-128155.85176249,6636,37.5114534360793,0.00380969993359322,0.503891883761802,1.02204215856414,0.00970102055198613,7.15742101966168,-0.2556033940355,0.784000221650403,0.804529622547491,0.831752748434804,2.20490503658142,11.2257497821069,1.01342046909643,0.874415828339316
23,"Global","all",12875.255770606,136.447185034629,-136447.185034629,6636,32.6153884239389,0.00452011389342064,0.515407236813879,1.01808658745842,0.0103625407437764,10.6275710994249,-0.262163568705683,0.797183352590191,0.799540604416731,0.813559051577201,2.38611135264735,14.5256134596301,0.9570512647688,0.77544992592478
230,"Global","all",13129.355984387,138.903659421855,-138903.659421855,6636,38.0122352252455,0.00449316950722444,0.505432254856317,1.04058328543812,0.0121389503978712,7.12771896264763,-0.24632961003171,0.803017896721808,0.81675034115167,0.834229946552616,1.94352585201604,8.59322026194236,1.02839296354842,0.89896769512271
231,"Global","all",12609.561623282,148.11663587891,-148116.63587891,6636,33.3657851897514,0.00470745234921651,0.526267303991554,1.04479450878064,0.0109850010602401,9.01823806697979,-0.239204745468421,0.83701644619278,0.800850589013152,0.83885414930038,2.5680409148288,14.8236399918731,0.993978235946138,0.822892878653978
232,"Global","all",12903.4155677526,159.848560231468,-159848.560231468,6636,33.920793497893,0.00420595961659002,0.514282436704918,1.01833550586007,0.0103834917726999,9.48378171696363,-0.262575227885554,0.811211676536578,0.79730919402663,0.811224042190287,2.50446419463777,14.4593077053599,0.980985881103421,0.820069317920321
233,"Global","all",12985.5061258317,125.765652028308,-125765.652028308,6636,34.709139641932,0.0044700873011744,0.511031294097896,1.02545684218533,0.0120009323944751,8.54897009101403,-0.26240506096876,0.825134843011284,0.80921039860071,0.825448894367729,2.51869559488769,13.8583447220561,0.985725287309809,0.824093415002821
234,"Global","all",12328.7643816558,123.621294953832,-123621.294953832,6636,29.4436875115568,0.0037804836767228,0.538253453028418,1.02237768261452,0.0166329134414274,9.45172439898201,-0.250247191993607,0.790319422931617,0.783471901599794,0.819440394375456,2.29326122507487,12.9537539224199,0.946380901011655,0.727933790332225
235,"Global","all",12254.0991812748,90.4246620632657,-90424.6620632657,6636,30.8041730700185,0.0038738121240196,0.541533074103097,1.03792766757709,0.0143637839962008,11.9239034352248,-0.237185265074608,0.821312214854828,0.785587210002109,0.8298464691631,2.74703879376588,19.4298146932248,0.974106164117968,0.761984923794489
236,"Global","all",12919.8390059383,108.96071119611,-108960.71119611,6636,32.2175354977303,0.00406346788790317,0.513628691266966,1.01211165001418,0.012129985259019,7.97919725937512,-0.270846365717938,0.805159768163206,0.800413935339909,0.811105644053611,2.42775043433813,13.1486509640452,0.949027338919732,0.767697625326825
237,"Global","all",12956.9637267123,122.448212858261,-122448.212858261,6636,33.0511888802818,0.00394583042439226,0.512157025362284,1.01330126640977,0.0103588981229065,11.7505077054367,-0.269346076873595,0.820502403934512,0.797906810152554,0.812447941170667,2.96071284924757,22.0940661858117,0.962426279370968,0.791710355841514
238,"Global","all",13062.2335991334,145.637217300916,-145637.217300916,6636,34.1798362807771,0.00464611184101267,0.508029499674563,1.00961709170673,0.0153412753283808,8.75545667776454,-0.274019686384119,0.786553201476219,0.806339802998278,0.817380870760856,2.18558729926827,11.3373184333472,0.971458948545762,0.808814183967018
239,"Global","all",13132.9643091517,200.430610659961,-200430.610659961,6636,33.3860645173272,0.00468591501522494,0.505293385696307,0.994243097231665,0.00789669212830129,9.69790917150981,-0.280853199294703,0.770107261763493,0.794240282658979,0.80490296558077,2.44449775130459,14.9198200860249,0.953318024929512,0.78948198828195
24,"Global","all",13012.0677314291,224.873526095159,-224873.526095159,6636,35.1664930928365,0.00444446059996924,0.509988123099876,1.04012896562114,0.0106815845953327,9.18696515894393,-0.256957941858815,0.869082646319094,0.813484891892035,0.816650830277645,2.62476025723427,14.6080369579857,0.996179177512123,0.8478005655205
240,"Global","all",13117.0593203684,134.007354134028,-134007.354134028,6636,34.327632394142,0.00485998574628339,0.505906075281327,1.00561174534241,0.0104503036483887,7.71272843652114,-0.272608212350386,0.779023716586883,0.798576794864617,0.810133962061094,2.21288880365004,11.2965850666062,0.97010824828589,0.811313025092434
241,"Global","all",13208.0859192193,215.278237145816,-215278.237145816,6636,33.7641476420987,0.00427597867076936,0.502419505792573,0.991020786557561,0.00687453111501993,11.9257632088184,-0.290022850361844,0.799427182525868,0.7964263790948,0.800641082743784,2.95857814443763,22.149788814774,0.955199344041695,0.794301143342388
242,"Global","all",13139.0196249497,150.867469143857,-150867.469143857,6636,31.9671926111104,0.004239356115501,0.505060513601706,0.982499723895364,0.0110522608067061,6.09138251688296,-0.296642192282009,0.76378081279811,0.794820227304776,0.79202308701723,2.05849748745672,9.18463803337998,0.9282401287084,0.744239531132811
243,"Global","all",12804.3522592559,113.729912763016,-113729.912763016,6636,32.8502672457898,0.00399135871270355,0.51826128066752,1.01473080034774,0.0146934799585259,7.99626834734896,-0.2635145121338,0.783781024917112,0.799881220950825,0.833911012175161,2.25834001116227,11.8926327199462,0.963753940228417,0.778011371818266
244,"Global","all",13139.3701961684,151.930231134954,-151930.231134954,6636,33.2091421369,0.00371250930615025,0.505047038094348,1.02257464854344,0.00879221788149587,9.53180506327198,-0.276497237227166,0.856088025187412,0.81580096014766,0.80317639584375,2.62028422483619,14.6274932007052,0.948454581379876,0.775672182604008
245,"Global","all",12995.612614948,111.223065774135,-111223.065774135,6636,34.6411061024382,0.00504455251985672,0.510633872878531,1.02794523992219,0.0101652865340651,9.74165653449863,-0.256609445378423,0.827742863258546,0.806696647499241,0.817878653251926,2.87816902229856,19.5773995676512,0.981378858292522,0.819998356577415
246,"Global","all",13007.7706305771,112.908516269888,-112908.516269888,6636,34.5005091687293,0.00386749632354528,0.510156597042147,1.0261268412758,0.0110778159359819,8.03248955935601,-0.260332555673809,0.82979941297123,0.807312887717363,0.826183623600456,2.6697845432457,15.5475443154192,0.977556282337568,0.813292170848037
247,"Global","all",12884.3044088912,87.3979453148492,-87397.9453148492,6636,32.8563243457998,0.00443769042536007,0.515045266659535,1.00545436789665,0.0148019168198917,8.56572017938698,-0.264837606837742,0.761576319533021,0.789894865951685,0.811873671805737,2.2068492886849,12.2552576190767,0.959893603883596,0.783717889396199
248,"Global","all",12666.6419980978,133.972108649141,-133972.108649141,6636,30.2030603915686,0.00381519786062482,0.523895757138837,1.01257611633503,0.0223982031877579,11.6523816241088,-0.266696353667489,0.805522407181589,0.792582626949404,0.816863020502154,2.75968424795462,20.2251599441131,0.933857015705044,0.729111579076362
249,"Global","all",12875.123561623,124.474385355282,-124474.385355282,6636,34.6347173116274,0.00455451001542827,0.515412529304184,1.04137931253907,0.011174547439561,9.7951368979835,-0.245779554745388,0.84340470008399,0.806943484671274,0.837274813473464,2.68915974349774,16.1712712809335,0.990590977483877,0.828771532593637
25,"Global","all",12643.5601934244,89.0561476625185,-89056.1476625185,6636,32.7572772920106,0.00415765964605618,0.524852169680116,1.03540819285991,0.0168697227841211,8.85657617862548,-0.250188617482057,0.837733463862596,0.800976976631777,0.824478024902197,2.57382472318749,14.5472569905696,0.975872816284556,0.78990796289776
250,"Global","all",12752.4570972093,146.785884350798,-146785.884350798,6636,32.0511981794392,0.00344188407143761,0.520370305848912,1.01761729398244,0.00909699593933287,8.47824418591747,-0.260301954635336,0.801133273159772,0.79221217673622,0.808633371586906,2.3610418398958,12.7414093051072,0.957905366093485,0.77173162648
251,"Global","all",12669.6296599633,96.376316376696,-96376.316376696,6636,32.3786977227439,0.00409745507318945,0.523772215771242,1.02497545817322,0.0124482683623653,9.25535112055492,-0.253384263429613,0.804824533905917,0.795477526203487,0.823319192435769,2.56524027810929,16.2818495718807,0.966827903195409,0.778192357587143
252,"Global","all",12560.8571535542,89.8929648719074,-89892.9648719074,6636,30.6855053405148,0.0037477233016006,0.528307894825658,1.01972312223615,0.0141762400715321,8.77122463744314,-0.253444688232344,0.793895848102216,0.786520919240814,0.821883328508474,2.38663063596162,13.168294423704,0.94945605430545,0.746629917397661
253,"Global","all",13013.9688192133,125.883694215745,-125883.694215745,6636,33.7752356308636,0.00402666358298087,0.509913623751956,1.00539346946296,0.0121143305605586,6.93379890206458,-0.274596540089356,0.773967640402246,0.799996704244661,0.813215348027157,1.99899026068821,9.1869093030749,0.967413633660601,0.797414441883564
254,"Global","all",13173.0935913686,149.924225735498,-149924.225735498,6636,32.4960054308591,0.00433191212676857,0.503754107110276,0.988049407110254,0.00821279193172189,7.43336890981925,-0.290271606723205,0.778260591993644,0.793074022060969,0.788758305186342,2.34584204298507,12.3498050617532,0.935138734246906,0.758881365191354
255,"Global","all",12710.133853422,172.693560369493,-172693.560369493,6636,30.0940738318197,0.00411135892171565,0.522103077475723,1.00236226300325,0.00897945398215804,8.45584458290616,-0.269369706727683,0.775169645218556,0.783327167656411,0.800910765517792,2.27439621266094,12.3905144337687,0.9309415341394,0.730511003469403
256,"Global","all",13015.8799046939,124.906584698565,-124906.584698565,6636,35.4982186972288,0.00440724735832558,0.509838754551415,1.01230301718378,0.0090149608330999,9.35635116608452,-0.264848871385875,0.807875530356086,0.794661574663519,0.822522208271871,2.79193021207645,17.5788949467598,0.998866222155517,0.851239537000662
257,"Global","all",12776.2846071906,153.80260717568,-153802.60717568,6636,33.0854638539027,0.00366816239058955,0.519399825851187,1.02468196960207,0.0163889957163259,11.1968678123839,-0.259707760442336,0.826319791921927,0.801508009157491,0.815471752221612,2.72862401427867,18.0167860186985,0.974164743741794,0.797238725706557
258,"Global","all",12552.9429734595,111.106521227957,-111106.521227957,6636,30.9920549312468,0.00386708738682392,0.528640973995528,1.02203837977822,0.0150910792413931,7.92803447275668,-0.254603243968836,0.806509911064781,0.787393921566654,0.810101735760053,2.35736614550763,12.3848826047586,0.957447817439095,0.758884742274499
259,"Global","all",12823.0425143404,148.7843591693,-148784.3591693,6636,35.3822806295324,0.00437712235318547,0.517505887746903,1.04275155774993,0.0128903330377008,12.0019759766935,-0.24602820932208,0.84178060172245,0.808600822220378,0.834881357921716,2.70087792240372,18.7191554452437,1.00911865450293,0.851157441727799
26,"Global","all",12899.1532767551,106.316487745286,-106316.487745286,6636,33.8454040645739,0.00387253987644204,0.51445237199859,1.02628181599603,0.0123158353742891,11.2747407233484,-0.261110949054539,0.825187689961621,0.806302494046601,0.818741580317476,2.59717801085753,16.9979571602868,0.974282702380918,0.801328295924538
260,"Global","all",13108.4296569803,130.872920093009,-130872.920093009,6636,35.9872953612537,0.00444318835239168,0.506239128076359,1.0298298612364,0.0109259682038714,8.44538653570524,-0.263131893791774,0.831765383401388,0.816462632730426,0.820434713909187,2.46219628381005,13.7476597451643,0.995522858478987,0.845298049727864
261,"Global","all",12636.2699798326,133.452656240126,-133452.656240126,6636,30.4778411088523,0.00390321013054396,0.525154971410945,1.01919002071428,0.0171463135846169,9.40757869729028,-0.263294469454232,0.824837602068893,0.793731898800961,0.815272051866817,2.68705422034529,16.2830113806081,0.94246837922133,0.740878046256247
262,"Global","all",13073.7095351661,120.249030654057,-120249.030654057,6636,34.0942285867055,0.00419850788077859,0.507583557837983,0.986817265566428,0.0150851553114738,7.63156922057585,-0.285650111013565,0.748811288194562,0.790487956219656,0.808937694592758,2.06339974082998,10.2652987398286,0.968226742973284,0.805998870162222
263,"Global","all",12757.2001732542,167.382007800912,-167382.007800912,6636,31.3114444900255,0.00361936260850738,0.520176834248675,1.01098166097926,0.0124522780650523,11.7587698197965,-0.273703845389791,0.827454746915195,0.795603277422263,0.804174970827717,3.00668691470825,22.3937947509449,0.94664878136877,0.752844082410101
264,"Global","all",12655.1861005557,100.874881527283,-100874.881527283,6636,30.4347713659,0.00383509944773096,0.524370005092901,1.00473147423936,0.0167758647722936,9.14516710252506,-0.269242762568344,0.783140839267005,0.785347826339433,0.807153304184216,2.33451884055085,12.8543649520118,0.939724041209554,0.736004645428361
265,"Global","all",12808.2225192827,108.232554281393,-108232.554281393,6636,33.7714111285794,0.0036590294704792,0.518104677679475,1.03557171373647,0.0100231267458303,21.2116568088744,-0.254919722582712,0.898383496825509,0.805198690694573,0.825802245112185,5.40853813350708,87.6147215139827,0.980698542597155,0.806279904867657
266,"Global","all",12595.4710142302,112.171565222057,-112171.565222057,6636,29.4354615311442,0.00432914044454602,0.526856041548807,0.99692031914157,0.0101794544099068,9.20240859591465,-0.270792856574707,0.771888570479714,0.774660514433991,0.805582810348456,2.40322637620379,13.8930955761776,0.927784749312938,0.716496531647483
267,"Global","all",12593.6290497697,97.1441390863084,-97144.1390863084,6636,30.2145807741487,0.00389321389957741,0.526933100361674,1.02220092470184,0.0138153756606955,9.4464343708537,-0.256565215092036,0.818128069857547,0.790501135799921,0.82945479085563,2.6709309051634,16.4471985326182,0.937985745164475,0.730273822112982
268,"Global","all",13062.9749119076,105.213771108078,-105213.771108078,6636,34.992999684719,0.00429797037889578,0.508000669430279,1.02416863888965,0.0115857680402666,7.34437121252249,-0.26190546286217,0.820072063736439,0.806041475966917,0.821792526524194,2.42518026094527,12.7885402103633,0.985822277911444,0.831703459146202
269,"Global","all",12525.0139084737,94.53113076504,-94531.13076504,6636,29.5879590843472,0.00469027700691944,0.529819770939372,1.01985363365903,0.0123179785026927,7.18209908882928,-0.254679512091563,0.805520325292529,0.784376703508166,0.824838938600221,2.4088747941394,12.4188908593926,0.937461920144165,0.729311747991108
27,"Global","all",13016.7760750307,116.998240257085,-116998.240257085,6636,31.4302002254026,0.00464461240636769,0.509803653512132,0.985793483710583,0.0131176595287637,12.5867531862379,-0.28766406868439,0.784310168939525,0.78531095415373,0.797461747587836,3.03655274745308,25.1265027581889,0.928823025414537,0.741373291006739
270,"Global","all",13095.7693402848,143.188816691656,-143188.816691656,6636,35.2502851771248,0.00406160495395032,0.506728534045459,1.02184815242662,0.00887057805731608,9.88763313306692,-0.264257124990916,0.812343902983725,0.81047659536185,0.837855940714618,2.64418118770437,17.1152312466945,0.983137350415708,0.826670686737721
271,"Global","all",12681.9536076338,96.6331204983179,-96633.1204983179,6636,33.4559211972426,0.00412585345661715,0.523263229413292,1.0570062425027,0.0168702865380207,12.2218652829635,-0.23955172803841,0.8956926568334,0.814306452657951,0.846460137245963,3.4980161216413,28.5918453438715,0.984923889118008,0.803660266899421
272,"Global","all",12610.3664922216,150.431398934481,-150431.398934481,6636,32.1747120301027,0.0038880340344402,0.526233714467637,1.0131046059146,0.0180126604268968,8.4561859920376,-0.253446411962478,0.75454916387862,0.785159856286384,0.822613225414818,2.09569774035767,11.5704152706275,0.969643198350401,0.781052796190613
273,"Global","all",12691.0145463796,139.496373233874,-139496.373233875,6636,33.2001909770834,0.00421600128497005,0.522889637841685,1.03187839831385,0.0162430652871572,9.73865635211599,-0.245354805103728,0.805818578633327,0.79777154221356,0.835042724487428,2.59087849392736,16.8150426933283,0.980661865231843,0.802683185012003
274,"Global","all",12635.0842144333,172.005627730761,-172005.627730761,6636,32.2408679844119,0.00399272183510808,0.525204255656607,1.02588772634252,0.0115103202413444,10.9951273459789,-0.252829680453528,0.804622096245845,0.793878888309541,0.825744325082918,2.42871239933691,15.4386712245239,0.971360103263303,0.785054467649032
275,"Global","all",13219.083014322,156.620757306881,-156620.757306881,6636,34.1726081157632,0.00408300597570143,0.502001537686866,1.00643739521315,0.0115295143926191,7.47232018258378,-0.276751998100508,0.802770384865896,0.802578667156719,0.814414626238197,2.47015579642883,13.4599971217351,0.96035384061378,0.803737826801002
276,"Global","all",12970.5026678252,212.781947472389,-212781.947472389,6636,32.116103359498,0.00374213449974203,0.511622422811827,0.998917027233201,0.0134341437530342,9.45324741097347,-0.279394662584078,0.784359496200349,0.79484354660362,0.803491670522431,2.47339447096209,14.9076252994334,0.941596430196577,0.756657167602004
277,"Global","all",12951.1367316865,114.212387921293,-114212.387921293,6636,33.1269368589405,0.0046472023389363,0.512387455825729,1.0167051849513,0.0103575899526399,9.23424527942921,-0.263982698404411,0.799588698578314,0.799039155502877,0.816925614654554,2.33212992070175,12.7837448259911,0.96068549940475,0.786634499404444
278,"Global","all",12427.43185809,107.986923776389,-107986.923776389,6636,30.8321826355444,0.00392133965852421,0.533979994883667,1.02896308044041,0.0144143492325998,7.65953814576773,-0.249608071577625,0.808875592593129,0.788888914397711,0.816208597532426,2.19624647733402,10.6681200331836,0.961142884860821,0.75418664305158
279,"Global","all",12568.8502904319,124.787352098226,-124787.352098226,6636,30.578246181474,0.00402234702869986,0.527971918406226,1.00517383974538,0.0146737212966146,7.95165400602041,-0.261578870267122,0.755877347235817,0.78100354009735,0.820015312689736,2.07005303129465,10.3222443030914,0.947434320258935,0.746265101589649
28,"Global","all",13229.1640035146,138.628861683175,-138628.861683175,6636,36.2140818654122,0.00490555947200817,0.50161899861828,1.03285940744218,0.00995217691556973,10.9411644718111,-0.259441146810737,0.844638399300119,0.815751533710945,0.826812064466892,2.79663507513818,18.7601493571137,0.991102833714685,0.847952369905265
280,"Global","all",13157.3829582903,148.256656830042,-148256.656830042,6636,34.4677090257932,0.00453924304449754,0.504355616997431,1.00049472399237,0.00968441991689322,7.54778982478647,-0.281544212082445,0.789217028105386,0.800025234277186,0.796077874298595,2.24815651630033,11.3336549114225,0.968054356690547,0.807867663946643
281,"Global","all",13018.7402050366,141.841745337683,-141841.745337683,6636,35.0053989702909,0.00453165499644566,0.509726739721921,1.01947499584538,0.0156851010448702,7.43914308078311,-0.26180352377762,0.792474697420969,0.804063593003882,0.819969717025597,2.1726763830042,10.7910509158109,0.98140444484764,0.818146185048531
282,"Global","all",13146.0644176614,111.895533647072,-111895.533647072,6636,33.1545445038443,0.00427884122781887,0.504789858711226,0.9941728244948,0.0116081415625779,6.42978460436517,-0.282972962112962,0.763760200379096,0.796062006536639,0.798667599493313,2.05157963045536,9.7062095626032,0.950048905768556,0.783343726792994
283,"Global","all",12725.3383977546,100.028974505397,-100028.974505397,6636,30.2748226905555,0.00413993905479729,0.521479255999271,1.01861620081626,0.0152604744753393,12.351421100421,-0.267005259139897,0.823140649997678,0.797785145479371,0.803542532390084,2.71397193612549,19.8732292419518,0.931798972436947,0.726977457726155
284,"Global","all",12795.109596627,134.389980627878,-134389.980627878,6636,32.4886000680772,0.00432500563991895,0.518635651370222,1.01791307805709,0.0109246162798261,8.53604247824136,-0.265959717168129,0.811957043399918,0.798185437472334,0.803697238904558,2.37040044961246,12.6342802254247,0.962552853136797,0.777893774926952
285,"Global","all",13143.9765279203,105.653418584404,-105653.418584404,6636,32.9984583448668,0.00472630887581251,0.504870043392415,0.99813792885957,0.015708096912032,10.8505083570104,-0.286903183315851,0.79593670998213,0.804646216259576,0.807270175931127,2.55728860109804,16.4377868534972,0.943223147617157,0.769327333268172
286,"Global","all",12709.119688147,126.28830608082,-126288.30608082,6636,33.7562583773268,0.00393606138049313,0.522144740377968,1.03460918355092,0.00999236241933408,14.5922864742825,-0.248748237496551,0.839966075514914,0.800793658367864,0.835193600334196,3.35108870928872,31.5783151088372,0.985861911671413,0.80712207964275
287,"Global","all",12740.6527262415,104.441505806587,-104441.505806587,6636,32.1222899347497,0.00424062836307856,0.520852435317702,1.01629773502989,0.0108475846661927,7.51893782037921,-0.263259457735849,0.77700482256927,0.799948686981704,0.829237659331802,2.05689880394364,10.5326528405903,0.956891883149916,0.761065169132596
288,"Global","all",13303.3395988111,216.064144016854,-216064.144016854,6636,34.9667042783051,0.00405796996087157,0.498822115357638,1.00663705514458,0.00873170603944951,7.87054800256284,-0.278910814529755,0.788004042995259,0.809000056974893,0.80359673721208,2.16578843864128,11.0660309125055,0.963784359521737,0.80686760723708
289,"Global","all",13227.4334436118,144.887973356643,-144887.973356643,6636,35.9985232723966,0.00400467187485446,0.501684625992572,1.02772573455783,0.0092850523339578,7.12277391240561,-0.272183066739599,0.844410251371508,0.821115104647692,0.801272603462425,2.25785897723001,10.6028178572273,0.990684727539394,0.845481751015409
29,"Global","all",13151.5608431592,141.84526734285,-141845.26734285,6636,33.1919225552793,0.00416779218926319,0.50457889212836,1.01161658309727,0.0107668998321762,9.10591065487668,-0.274090958171029,0.814047041604741,0.804436296476637,0.80227774606917,2.5152049241573,14.1901204276699,0.949516442656145,0.780665149140106
290,"Global","all",13040.0139756115,137.97539280144,-137975.39280144,6636,32.9031092448174,0.00413335062984207,0.508895160113417,1.01157452505311,0.0161882571401269,11.5887261693124,-0.276572842321692,0.815992624700219,0.806340396508666,0.798415474877661,2.64552283560035,18.049794615162,0.94893054480641,0.769016588048957
291,"Global","all",13189.134654422,135.916734840152,-135916.734840152,6636,32.384815854157,0.00456091669072956,0.503141424655566,0.994428965989608,0.0113920626829618,8.06902494340903,-0.286878863007655,0.787537901705421,0.799989659778613,0.801915779908673,2.46391423187538,13.7974564014844,0.931618226163,0.753871999813759
292,"Global","all",12798.9416763325,109.837872634804,-109837.872634804,6636,33.2254974355138,0.00471504039726839,0.518480368753545,1.03467110836441,0.0105869961222669,9.64484683572074,-0.253618594590592,0.834548938123439,0.806355272523686,0.818119305300701,2.50834392643269,14.1931862223133,0.973955299337023,0.793311716506149
293,"Global","all",13005.8798441995,139.615944084774,-139615.944084774,6636,32.916966720681,0.00409145733460952,0.510230763277393,1.0191315827939,0.0126423540909925,9.64572194471352,-0.271632305448839,0.839801438784649,0.806894450467819,0.811633722960297,2.71241882367727,16.3166802316303,0.954332168324618,0.77773411808962
294,"Global","all",12744.0822221502,97.4306954623101,-97430.6954623101,6636,30.9901901802144,0.00388966978132563,0.520712271336896,1.00755862183362,0.0148436111499035,9.73659805872662,-0.274880352827758,0.81888231152466,0.79146845822303,0.807407973092689,2.61454600365098,14.9947197643886,0.942720034450896,0.744588212338504
295,"Global","all",12607.2707617872,87.4343275367779,-87434.3275367779,6636,30.5789995728076,0.00396650444752763,0.526362931786455,1.02729961372174,0.0146128686180651,9.73703717208726,-0.255656189467588,0.830871312328859,0.794321328610749,0.816240415505263,2.64302155565726,15.8689769934937,0.944129985290482,0.735776929466513
296,"Global","all",13078.7027204272,156.851427655637,-156851.427655637,6636,34.7729119278569,0.00415829576984496,0.507389772659597,1.01106566501413,0.0111875976240208,9.02904101027094,-0.273920873220413,0.809294868354216,0.802335418018691,0.804996856111402,2.42163436722677,13.2094327008618,0.980306173704733,0.822361025091921
297,"Global","all",12704.821006636,176.889756259104,-176889.756259104,6636,31.6108112418565,0.0040912301475421,0.522321408269654,1.01214633523619,0.0123854251451233,12.267755342504,-0.26344955202579,0.802098947788705,0.789077707189621,0.812591778497649,2.89847276580853,22.5324807184607,0.95408837386923,0.762370989538709
298,"Global","all",12632.0822118739,107.56339378702,-107563.39378702,6636,30.5299489832222,0.00390416431622713,0.525329069958257,1.0358627752374,0.0206481365018736,11.9139765729593,-0.257407903079776,0.86260946806702,0.806258199674244,0.821997799700465,2.9726914582831,20.8946700995968,0.940652625545024,0.732105753733395
299,"Global","all",12919.2008027834,125.810541368186,-125810.541368186,6636,33.1146994936272,0.00413475918966008,0.513654064311027,1.01603761655345,0.0111239262112402,9.74098421216375,-0.272337915715763,0.822349881663488,0.804570282902095,0.803942747822172,2.52330118982892,14.4665267614566,0.963389007333419,0.784148656931323
3,"Global","all",12291.1194671457,79.9130901428683,-79913.0901428683,6636,28.9175648946016,0.00376144540047287,0.539902001419654,1.02355099348501,0.0149063448008306,10.1950382308159,-0.250146629433272,0.815392843286004,0.779680408545068,0.813553798006288,2.65361379185222,16.2063594443846,0.940225305112308,0.714016088095669
30,"Global","all",12849.4776591872,110.431211240763,-110431.211240763,6636,35.3361372540953,0.00407982535675753,0.51644122632918,1.04612038312209,0.0158071171187209,13.3489473736606,-0.247949268225252,0.86426428838148,0.817239344016692,0.845130289325544,3.38866595739809,30.1217962012388,1.00104088850236,0.834942527722674
300,"Global","all",12794.051600526,135.228769419432,-135228.769419432,6636,33.1208589537292,0.00372273272418422,0.518678539621272,1.0108670663772,0.0144759825241592,9.74274215974497,-0.265631902737855,0.786128086633073,0.794589089432493,0.807484315834509,2.39910544991076,14.0172915764468,0.970625259327936,0.791268768328893
301,"Global","all",12895.7052224075,135.275652561315,-135275.652561315,6636,34.7151177055997,0.00434567966305432,0.514589926301149,1.03446181860932,0.0165563168618898,9.40765384803044,-0.259189290890907,0.844199434215652,0.811879252328772,0.809672837036919,2.4539712841555,13.4570145762557,0.991277106743132,0.826439522101168
302,"Global","all",12372.0571422431,89.632170113456,-89632.170113456,6636,31.6110409653952,0.00428724714931347,0.5363699766098,1.04823852515666,0.0150167992802919,7.66954780403767,-0.23609742222368,0.83591586800933,0.796854843327346,0.829075387841112,2.27494205625793,10.991180106543,0.979523457100061,0.779828249937075
303,"Global","all",12997.6468042481,100.664852110196,-100664.852110196,6636,34.6552602765121,0.00387185831523978,0.510553956415491,1.02405823289469,0.0164095023607338,9.10252301723165,-0.260766487021828,0.804459590282415,0.807922336504889,0.828041983752196,2.27106693191593,12.2688374672818,0.983287257132703,0.823119077360695
304,"Global","all",12539.3731052469,97.1641407631869,-97164.1407631869,6636,32.6109642020388,0.00429010970636299,0.529213059082142,1.05051535017451,0.0138432979509746,16.3513158661399,-0.238666906442181,0.876460783236304,0.804175460479966,0.834954592804793,3.77589499839758,40.2861875384861,0.982637108716476,0.794179449076082
305,"Global","all",12683.8007120765,117.320309430331,-117320.309430331,6636,35.1412193290458,0.00392492921418947,0.523187028134378,1.05065050232086,0.0131631881739962,10.8248509561498,-0.237672205972091,0.851673709771701,0.805623732823951,0.829967256811203,2.64250142682519,16.3046367617918,1.01597332596406,0.855494960562095
306,"Global","all",12484.817259849,128.243762078032,-128243.762078032,6636,31.5723609146333,0.00413103332175437,0.531525601206942,1.04840603120938,0.0162594112377615,8.59805614669404,-0.243543060619549,0.851799879915244,0.805461134749387,0.827504613457868,2.35171864200488,11.8239984680847,0.970949463451935,0.77120960344741
307,"Global","all",12740.1393672792,100.701044737301,-100701.044737301,6636,31.620678121597,0.00392288453058267,0.520873422864068,1.04114629464593,0.0149950498178193,9.6509802813323,-0.25150410949238,0.849833291417963,0.810471578577494,0.832348393601484,2.50366154750248,13.7192922637851,0.949546068162017,0.751907736191338
308,"Global","all",12813.6541387104,117.108060357717,-117108.060357717,6636,34.446101828775,0.00401757610028401,0.517885056687497,1.03890225860534,0.0129665881632762,8.87483581691616,-0.248765555523476,0.821160997891641,0.811536116602659,0.83131755978998,2.35009170910088,12.8468309940437,0.992250629091133,0.824718394535774
309,"Global","all",12955.9064370653,118.846349940464,-118846.349940464,6636,33.1882019687743,0.00427929560195372,0.512198820841681,1.00697258201965,0.0125833248731697,7.95567047557169,-0.266332648123336,0.757680935616611,0.795275539946037,0.82119317592032,1.97397385777784,9.64043779802537,0.96143527367607,0.788616415371798
31,"Global","all",12849.7825993114,123.186909217431,-123186.909217431,6636,34.7168215309122,0.00470945159540982,0.516428970584732,1.03504250753073,0.0107154009571515,10.2567202711419,-0.249885891687412,0.837879681571076,0.804127591940178,0.833890905780762,2.83658225837515,18.8652680567203,0.993572517597845,0.830708025109368
310,"Global","all",12775.3492939639,103.625122803076,-103625.122803076,6636,34.4766286237107,0.00440801979435481,0.519437852328263,1.0473877317588,0.0121449874745554,8.78540953453278,-0.251525339464542,0.862147540237469,0.816359326853568,0.815862960136567,2.39375106365024,12.3472915007188,0.997918372488538,0.829164915911618
311,"Global","all",12776.8409895482,141.280445389048,-141280.445389048,6636,32.3051111709144,0.00373890844338464,0.519377207983443,1.00784885561937,0.0215953201059016,8.78459462239713,-0.26821535727946,0.791036692955312,0.792205613499372,0.825974155393169,2.45450557843969,13.5839701623038,0.962023561999408,0.778104269087522
312,"Global","all",12549.8108683766,143.331589739477,-143331.589739477,6636,31.6997555916098,0.00409277501960056,0.528772908978383,1.0318619129019,0.0145806902320731,9.02370066035985,-0.24452707091182,0.807946237363362,0.791274764505009,0.831822183747144,2.40197045220827,13.4518842453827,0.96742416508116,0.770911683151476
313,"Global","all",12531.7675468944,130.852900854459,-130852.900854459,6636,33.0377449204373,0.00443678167709039,0.529534239696661,1.05153092135446,0.0133102477298487,12.5422500634308,-0.234727888245344,0.85290502913263,0.80102236589154,0.83165714893115,2.89812366409264,21.6838746330574,0.993212441792977,0.810186527221846
314,"Global","all",12758.7742687056,134.106599038832,-134106.599038832,6636,33.9978084874672,0.00470581660233108,0.52011265817882,1.03946006274441,0.0101051337061085,7.44508209706414,-0.244803905417563,0.82302448171893,0.803404533542654,0.831580295651519,2.26366203516313,11.0465418738196,0.99227214984092,0.821420351692216
315,"Global","all",12664.5313539514,112.419829495681,-112419.829495681,6636,32.9902173841284,0.00450343836267189,0.523983068503328,1.04183687105425,0.0106875796418783,9.92091298529399,-0.244138506518161,0.839195478202283,0.802317614810867,0.838682573327282,2.55571729734054,14.8157659152507,0.981000885097684,0.800281827955082
316,"Global","all",12725.1305412977,88.2813448500709,-88281.3448500709,6636,34.1539886156839,0.00428506615346623,0.521487774012515,1.04614235732058,0.0119296612919982,11.3532801257564,-0.238262759820339,0.831744771199838,0.804900939251452,0.840056725429345,2.64924641423749,17.9959175753387,0.993223365106243,0.820423112835816
317,"Global","all",12774.991257259,121.608767396444,-121608.767396444,6636,35.0844037827479,0.00453688029899636,0.51945241028868,1.04727005362213,0.00958397149716362,8.99385011301644,-0.243966368687462,0.847982574287893,0.81271263777105,0.846465173162515,2.57356923016022,14.8277499377483,1.00647833749957,0.845017287391914
318,"Global","all",12652.207536352,124.106113946482,-124106.113946482,6636,32.470035006155,0.00405606158950523,0.524493451512995,1.02174633121157,0.0163335103981329,8.64391817742203,-0.255768192821726,0.800674395478512,0.792555222727165,0.816697163575242,2.30607373989849,11.9935346551529,0.971415579997593,0.786110590199288
319,"Global","all",12316.535154316,85.0809034710227,-85080.9034710227,6636,31.8565921079911,0.00392461115229508,0.538787890982037,1.03115330669344,0.0161289752418902,6.46507579513366,-0.234531700486825,0.76936730464663,0.78075235161001,0.844531515892902,1.97120710629036,9.05203212105555,0.988127388905099,0.793026274689367
32,"Global","all",13117.4316404107,206.030714164668,-206030.714164668,6636,33.4501453003719,0.00379302440284447,0.505891715841428,0.990782976047944,0.0108455961417697,9.47291311143233,-0.287279505545982,0.786429417268113,0.793553591426187,0.798996192742822,2.5740312192285,15.2097218915748,0.955450569912512,0.789809096818748
320,"Global","all",13043.6737741634,148.122391438273,-148122.391438273,6636,32.5546592912826,0.00405356253176359,0.508752374131318,1.0037975258611,0.00956738544151085,12.8257507760366,-0.282605045972401,0.838065226100399,0.799423136785874,0.797577736575564,3.36469101479309,27.2082311654485,0.944858610058411,0.765738672667381
321,"Global","all",12957.4555864162,130.167690038032,-130167.690038032,6636,32.5330410040098,0.0038538196620865,0.512137584091494,1.0209019230428,0.0145743686112011,8.95156543219827,-0.272947421785992,0.841771424469647,0.80760091133289,0.793933529534238,2.44139497582468,12.7689011701606,0.951525612782429,0.770597550237864
322,"Global","all",12806.4889562109,126.619162748517,-126619.162748517,6636,34.0308658333341,0.00427311611371985,0.518174811432737,1.02339087454908,0.0137225168011502,6.19142869459003,-0.250362740984956,0.779216960053536,0.796245116648589,0.837300124112711,2.10051255270661,9.88183122318752,0.987641669066789,0.823217895589975
323,"Global","all",12840.727609387,140.261348816266,-140261.348816266,6636,34.1783612165051,0.00421113948172723,0.516793144583867,1.01691090006229,0.00882364961523754,10.9033850472947,-0.259232068755698,0.819653404343984,0.791592315876146,0.815232675959612,3.15503522468814,23.7014179100529,0.986328375395367,0.819806190792193
324,"Global","all",12850.1211917088,176.419007113787,-176419.007113787,6636,33.7363079844172,0.00470972421989073,0.516415363014761,1.02776729320283,0.011647660496224,31.3619259823423,-0.254473920260126,0.965512502353929,0.796193444131011,0.829247561988749,11.6146064694476,319.217785499312,0.980189279099927,0.814047317463919
325,"Global","all",12751.2090202968,125.999906104436,-125999.906104436,6636,32.612711384197,0.00395023785350024,0.52042123922815,1.01959673810246,0.0132783552077696,8.7320021071536,-0.261703333539027,0.819351108387714,0.795499936088677,0.826702406636211,2.61359088467325,15.1308073060582,0.967529720260858,0.785637688845984
326,"Global","all",13141.7464933457,139.686131766043,-139686.131766043,6636,34.2047573849375,0.0047054531030232,0.504955715236186,1.01651091314117,0.0139537515244842,7.17399854439228,-0.269090917468983,0.796005701546625,0.810163056987697,0.822533588223153,2.14155172049249,10.3267701804308,0.965377303838044,0.801427439581732
327,"Global","all",12809.3816787942,97.278493335277,-97278.493335277,6636,33.285346089617,0.00436994324185495,0.518057792827413,1.0334471270059,0.0148356427316067,12.775400847695,-0.250663189433314,0.847775138561889,0.801202876918829,0.827233171766794,3.16811619814748,24.6444245316911,0.973242462635507,0.797664868966302
328,"Global","all",12901.1497668338,106.625915116035,-106625.915116035,6636,33.3687992419492,0.00450339292525841,0.51437275901252,1.02718818315867,0.015915230279312,9.41260810094684,-0.259953449323688,0.824979244085043,0.806912418436273,0.82330814881581,2.58575296731494,15.7342833026331,0.971118993850673,0.79903752131049
329,"Global","all",12627.9890588043,111.085872465048,-111085.872465048,6636,28.3378257112076,0.00389698520489661,0.525499346657521,1.00578240533723,0.0143517227650594,6.95259189393092,-0.270977856182877,0.79083307385524,0.785753365962178,0.812296653690426,2.21883980810022,10.6620959106228,0.907287937070142,0.683680358303383
33,"Global","all",12831.7705952076,143.624057226108,-143624.057226108,6636,35.071601332666,0.00419191945582336,0.517153883851261,1.0431632966014,0.00829246703483881,7.7261790570645,-0.243718716596004,0.836022262905222,0.806998331580047,0.842665969559334,2.46422886414703,13.236849357764,1.00179455623148,0.839267773948889
330,"Global","all",12733.8349983318,122.313164202417,-122313.164202417,6636,33.0885354040396,0.00417301749181388,0.521131301047121,1.03437826734822,0.0141857311381604,9.327834310175,-0.251838315444739,0.83835827300355,0.802472776456451,0.816692632435719,2.60353974038734,14.7509245352133,0.978535988687436,0.80296097083325
331,"Global","all",12921.5059604551,125.226560888476,-125226.560888476,6636,30.0004750098582,0.00455850850781489,0.513562429975944,0.988639221456891,0.0150228448637146,6.54279001246307,-0.285673463408793,0.761765570622576,0.7890083689183,0.797188106891707,2.13196221727357,10.0969251452105,0.911772921410744,0.706554864224304
332,"Global","all",12777.6080535336,101.557796279156,-101557.796279156,6636,33.5956337864137,0.00392133965852421,0.51934602878704,1.02494093109722,0.0141048317189512,8.72418426564499,-0.258246061529421,0.817376082199365,0.799999099591941,0.822241011096258,2.42179475503337,12.9909082063839,0.983795704764777,0.81296632890376
333,"Global","all",13067.6588082107,144.136003070872,-144136.003070872,6636,33.5196430348549,0.00411131348430217,0.507818584598373,1.00309595157598,0.0126269309351813,7.53070267601589,-0.279157389970372,0.791048052307684,0.801086371500671,0.810793056977538,2.34231163050489,12.3302310938947,0.958510918828598,0.788761550416585
334,"Global","all",12913.8072011548,148.108990722892,-148108.990722892,6636,32.689561123473,0.00385722746809782,0.513868597899355,1.00155544080091,0.0205222229179746,9.49840261857972,-0.272602812191289,0.777510896080922,0.791883902776452,0.81747305571077,2.41560002197513,14.2833925302658,0.955927222689045,0.77918578320047
335,"Global","all",13121.5449776165,128.518530601291,-128518.530601291,6636,32.0749102772537,0.00502587774291466,0.50573312908808,0.977013248885312,0.011163944258467,11.6917430325142,-0.293394468671186,0.753108320403968,0.78527728109832,0.79403253514918,2.66930444549631,20.5292018786606,0.935420119915419,0.76110906140258
336,"Global","all",12951.5508393243,127.581704431882,-127581.704431882,6636,30.323303468182,0.0041488902252537,0.512371072956865,0.983222991484755,0.00895219012952317,9.8141826023492,-0.288190604053878,0.769550112110401,0.780759006849926,0.784102009171898,2.60842638471869,16.9508096274883,0.916017188922829,0.717869569801164
337,"Global","all",12641.0406547794,132.024707871342,-132024.707871342,6636,28.6731192004045,0.00404651973267352,0.524956780159633,1.00361181215016,0.0148637187937623,7.60000533209051,-0.271522925670352,0.802750104383117,0.781221044131996,0.814163418104719,2.52729284285741,13.5075929007127,0.913698559353803,0.696352205998836
338,"Global","all",12955.908388063,108.02887971191,-108028.87971191,6636,31.7015769015862,0.00442387745166084,0.51219874371095,1.0100258822175,0.014881681048578,7.53147637534988,-0.273469298461449,0.804079512056058,0.800418773347684,0.819310405864157,2.37892022131471,12.3950889787248,0.938298669899628,0.75054227970369
339,"Global","all",12992.0077140322,174.577256026496,-174577.256026496,6636,33.1497680333087,0.0043561757055692,0.51077555879471,1.01959517304949,0.0104105909459481,8.84133604693709,-0.268418032823443,0.838848141519316,0.80253578640409,0.811370541182019,2.66218073154541,14.969077595221,0.960351240854604,0.786949282161358
34,"Global","all",12607.2719079604,78.5482526927788,-78548.2526927788,6636,31.9766927777298,0.00373422838979576,0.526362883932878,1.01425178976773,0.0154165104549499,6.42913987713288,-0.25576873565368,0.766693860056101,0.786530880896736,0.823999896052376,2.03389248713111,9.51515501966615,0.965990694859033,0.776571426865657
340,"Global","all",12712.7015054936,151.93416097477,-151934.16097477,6636,32.6682338781297,0.00410399806073119,0.521997625534769,1.03396616964215,0.0108308041103804,8.03186310912952,-0.249610210943707,0.823446805842674,0.801305483251584,0.83472776873192,2.44646912209153,13.2802318765484,0.971408310589142,0.786655186958472
341,"Global","all",13162.2943896197,120.222084549795,-120222.084549795,6636,33.2323241630417,0.00437998491023498,0.504167419719268,1.01245908565513,0.0101625455868724,11.8088412531108,-0.280689010992032,0.829834686696459,0.810658299559823,0.800024444955335,2.71213223666086,18.457157829083,0.94976291568995,0.780493149821717
342,"Global","all",13269.826559961,120.998618166628,-120998.618166628,6636,33.1688264262015,0.00453883410777618,0.500081894063541,0.984514870370272,0.0113062221688949,9.27287735846146,-0.293611301286444,0.771391553835093,0.796117122630518,0.797091651922166,2.49605976728272,14.8807212785897,0.940528423668666,0.771718280593587
343,"Global","all",13133.2919939557,144.765983914026,-144765.983914026,6636,33.8112488945892,0.00423840192981783,0.50528077827357,1.0138702380008,0.00952729133124672,18.6306887430548,-0.275391841387157,0.870319149284949,0.805731281821458,0.806447548252828,4.79662397407487,65.1636049680229,0.959195593202126,0.794430919244817
344,"Global","all",13268.1207289063,123.029629046946,-123029.629046946,6636,35.3636582157366,0.00428552052760107,0.500146187661874,1.01932168388639,0.0103907409337608,8.90520808545049,-0.274897237872219,0.843630926569906,0.814114461748021,0.809209529700275,2.70145658194337,15.5720897659749,0.975593922930953,0.825795431672052
345,"Global","all",12837.6173026847,127.209141761815,-127209.141761815,6636,30.374446724321,0.0040897761503106,0.516918353580475,0.998884368236955,0.00947684391690076,8.79937703676709,-0.277524912481703,0.785310434650202,0.788227557497638,0.798557281647378,2.45211457743165,14.349786196221,0.924395014171086,0.724333852656383
346,"Global","all",12895.9961501485,99.1760539718595,-99176.0539718595,6636,29.2638063629998,0.00372595878054161,0.514578317389122,0.984327746762981,0.0223072332398897,12.2531429817488,-0.295758475616516,0.82857839463852,0.785630491016718,0.778390587449259,3.87194160108901,35.9144602396714,0.903284094200259,0.694427965551698
347,"Global","all",12747.219552793,113.487189986396,-113487.189986396,6636,30.9690225022401,0.00400080969470829,0.52058411424678,1.02005494925339,0.01427115668759,8.93109411598542,-0.267731650791944,0.82960358460665,0.800772037508702,0.804067747021739,2.56000565736743,14.7204308435628,0.93893602064922,0.738842101101261
348,"Global","all",13115.7231721076,203.808262552436,-203808.262552436,6636,33.5614210439889,0.00448476358572984,0.505957613844153,1.00075327075959,0.00985635324021185,6.79151837434925,-0.278705923640564,0.783501724036043,0.79805301977856,0.804989052858662,2.261126803995,11.2594142721869,0.956664523183658,0.791413041539567
349,"Global","all",13119.4864300336,109.070172705107,-109070.172705107,6636,34.3488879350406,0.00425594077142278,0.505812482477106,1.0243509823671,0.0133421517005868,10.08592992962,-0.267408791848949,0.82989469238906,0.815585656687622,0.822307552030463,2.70255885942496,17.5597646951426,0.965356250027118,0.795655510622561
35,"Global","all",12650.9927960993,120.476306072489,-120476.306072489,6636,34.2349380655314,0.00459426775222706,0.524543813039404,1.05142673641837,0.0117280518834169,11.0827651900197,-0.236454158793718,0.839867683118226,0.808810386179428,0.849796682218845,2.60912590152814,17.1157560265458,1.0020671388869,0.832108894872665
350,"Global","all",12741.0188015501,126.225128047701,-126225.128047701,6636,31.4756887375235,0.00453551717659183,0.520837470170962,1.02251898998792,0.0123064856472936,9.90239115175551,-0.256526642813603,0.813054471027639,0.79407291746452,0.81827962140794,2.62220033871109,16.2173148943294,0.950759852802391,0.760228050552579
351,"Global","all",12985.0691644334,184.147584706323,-184147.584706323,6636,36.1523357568752,0.00382664808882287,0.511048490844873,1.0391832883521,0.0131403760693296,10.3917431496132,-0.250523532819087,0.850628807140875,0.808953111168515,0.827264867671156,2.69627454539538,16.1353813426681,1.01218202507879,0.869143830357475
352,"Global","all",13220.741991276,134.993574832427,-134993.574832427,6636,35.3971103361627,0.00454315066205719,0.501938545081584,1.01787084499911,0.0086383427914782,13.9797232762044,-0.270908409083017,0.838386000681341,0.808671787557558,0.815384330797061,3.21678253863461,27.8040051243952,0.977334425122008,0.825789169061
353,"Global","all",12611.3933694742,124.688659371578,-124688.659371578,6636,30.7082396985596,0.00450375642456628,0.526190866114954,1.01625020485835,0.0124498559627128,8.30640791988003,-0.261308018530441,0.819878028663262,0.786552072278142,0.805421400936929,2.68635261596132,15.4387284690298,0.947102124784763,0.745843544094681
354,"Global","all",12961.8210484003,158.666660603266,-158666.660603266,6636,34.9041909662953,0.00414593679337722,0.511965099288186,1.02106130906139,0.00991612791293266,9.79858192895568,-0.262543850578223,0.803872448040047,0.804049040051631,0.823096606518907,2.33477277708077,13.1290121111297,0.99068565018336,0.832413742051332
355,"Global","all",12911.2826407195,140.688065017957,-140688.065017957,6636,32.6967366041666,0.0041036799988368,0.513969075316456,1.00659788663719,0.00931656636921373,7.08219303122929,-0.267933380781042,0.774886493609764,0.792513516283578,0.811976818831974,2.19101017553076,10.9116664157301,0.957446300865326,0.778390668721775
356,"Global","all",12965.5816433037,111.177644382469,-111177.644382469,6636,35.4012174956962,0.00388244523258162,0.511816606656228,1.04382935691305,0.00985989153446164,9.98907280735087,-0.250494502467124,0.857408362865031,0.815609129958716,0.827877762950642,2.70221178560085,16.4581012078842,0.995346604158933,0.834421155375995
357,"Global","all",12475.6054073085,119.91381676645,-119913.81676645,6636,29.7447156964939,0.0042845663419179,0.5319180739808,1.01976290298682,0.0155461226640745,9.71207379268516,-0.257280052382729,0.820525502384861,0.785221411378941,0.81872192347213,2.72930345721164,16.5376758591772,0.94107776000554,0.73024066822509
358,"Global","all",12764.5705423309,110.854412875292,-110854.412875292,6636,32.0983489938821,0.00485989487145642,0.519876479823053,1.02465714138087,0.0108960489744424,13.333874332466,-0.259202800481357,0.840110252604817,0.797336960951842,0.815199148649339,3.19893190289169,26.7520042328676,0.958218288651083,0.771064363348376
359,"Global","all",12654.0978184711,141.943479318049,-141943.479318049,6636,32.4418939472068,0.00448726264347147,0.524415102142919,1.03533654507772,0.0108636513447805,10.4677881112688,-0.24362747286225,0.816744952023752,0.795102256463612,0.837447831066669,2.50419625589345,15.473968381785,0.972009469964466,0.786341394945056
36,"Global","all",12567.6910029712,110.976547854584,-110976.547854584,6636,33.4313845679918,0.00428656558811121,0.528020620369418,1.03905869164931,0.0162831811865473,10.0135422479117,-0.24136482380561,0.822410857796528,0.797277506526753,0.837722568396094,2.50845727524607,14.5551901201283,0.99636681111429,0.819060161508902
360,"Global","all",12709.920139853,96.3747721082014,-96374.7721082014,6636,30.921666281831,0.00404761023059715,0.522111856485413,1.03292646047464,0.0114334922934293,11.620210090869,-0.256944178780767,0.854601356008757,0.803085413129352,0.816415909658231,2.97957205721555,21.3925899561976,0.941889889295023,0.740395224239413
361,"Global","all",12980.918529765,103.573838546399,-103573.838546399,6636,32.9967299827018,0.00392915489364351,0.511211898047412,1.01924370220921,0.01178621543303,9.12690392268321,-0.267714233161797,0.825070101172465,0.804218668421939,0.808884530103361,2.55960550815114,14.710250696943,0.957171616110341,0.782507430743888
362,"Global","all",12960.6650278853,137.728847502798,-137728.847502798,6636,32.7711189784781,0.00412439945938565,0.512010763778127,1.00926593707899,0.0107010412714337,7.46285497887754,-0.273046892400135,0.797925183537686,0.798093648633151,0.798999947510868,2.20084764417739,10.5211612330268,0.957416698966804,0.785425498080037
363,"Global","all",12992.6066622829,114.484371506497,-114484.371506497,6636,32.5423873553519,0.00433977279930135,0.510752012470604,1.0046629998563,0.0137148454095819,8.77548073117157,-0.279068249078563,0.81516472634418,0.797724016204,0.80665638033262,2.72491904243939,16.4444100383667,0.950390673214346,0.773708213049314
364,"Global","all",12727.369335704,145.438438285705,-145438.438285705,6636,33.2884975124954,0.00492882342771214,0.521396042258635,1.02717555361373,0.0158633410425618,8.73588399040436,-0.251192699986723,0.802171305098062,0.796691860787426,0.820805626215008,2.37379862568583,13.5588869791363,0.98201158206048,0.80965422071037
365,"Global","all",13057.9238598356,96.9332977390316,-96933.2977390316,6636,32.3858441628727,0.00465801644334557,0.508197173703199,0.998350170990512,0.0150645557518124,7.7942872224742,-0.282283801103588,0.791711466464335,0.796506680122061,0.799216927288976,2.37722171566102,12.4861515717715,0.941506592196497,0.764308788946272
366,"Global","all",13161.1571421632,125.644052548355,-125644.052548355,6636,36.0459846912344,0.00420364230850232,0.504210984514488,1.01997883263313,0.0136619469724587,7.11595339209372,-0.264207955184384,0.788375751707879,0.810977020868704,0.81636642827045,2.03526551986393,9.65628033819457,0.993709589175316,0.847981603389325
367,"Global","all",12557.7327102697,91.2551390928706,-91255.1390928706,6636,31.3921487318893,0.00424208236031006,0.528439341169689,1.03493358594983,0.012278240321376,8.56204071328543,-0.247368963602177,0.821834622765425,0.796413794154053,0.826719021273613,2.36107793681004,12.588981987282,0.961101048857829,0.763830608489073
368,"Global","all",13191.9546297159,107.170046504594,-107170.046504594,6636,32.4912066085019,0.00425880332847229,0.50303387073906,0.996612523056181,0.0101250585192062,9.60822461178531,-0.289155631368405,0.804883367547227,0.802526576261348,0.7906820580153,2.63706919688817,16.4775341383751,0.931690173218184,0.752353799608496
369,"Global","all",12603.6125925273,112.525415511852,-112525.415511852,6636,31.0226813051007,0.00443605467847464,0.526515707403961,1.02281635370659,0.0129250931639752,7.99242897103563,-0.258869819369185,0.820470701971563,0.793759087236182,0.824925942795492,2.4607295072387,13.0433934181045,0.952376008992431,0.752244180451753
37,"Global","all",13026.0202206722,160.755508828825,-160755.508828825,6636,34.4945673135534,0.00429683444355867,0.509441862332499,1.0216379770345,0.00912605255135571,9.50603731726079,-0.261120780572814,0.806254503298194,0.804037455381654,0.825161475986395,2.39057745211433,13.2863044236577,0.978971760293628,0.818886435943521
370,"Global","all",13038.3972482662,97.8205209784584,-97820.5209784584,6636,34.2269923513313,0.00444741403184572,0.508958261789611,1.00202639920383,0.0142130478176236,7.99982156941591,-0.273989064024045,0.76472560771175,0.797684137230523,0.820354934206617,2.09543849237558,10.5948420061469,0.96997595143041,0.802898537843465
371,"Global","all",12640.9484687687,104.302018576278,-104302.018576278,6636,32.6160339852248,0.00384736754937173,0.524960608485607,1.03558910115456,0.0108863563170208,10.3321574619884,-0.246471713544599,0.833653306798656,0.797938903445866,0.836049462658557,2.72046951456203,16.771928175451,0.974388265218537,0.788726999716267
372,"Global","all",12804.2823582023,96.8680756434968,-96868.0756434967,6636,31.6181308813974,0.00394274068027532,0.51826410995608,1.010914051347,0.013518007514494,11.7906469040027,-0.264121323949237,0.788731622241856,0.792082237199005,0.819783786769007,2.67376485214722,19.7881126459638,0.946263777831141,0.756632539896752
373,"Global","all",12835.0735876954,127.055009400366,-127055.009400366,6636,33.535641174227,0.0038231039705711,0.517020798880477,1.02797406458172,0.0172681887570234,13.3399400139873,-0.259187470661372,0.831177054048224,0.805246397550409,0.820618187570292,2.86349321517062,22.9411711480241,0.973253565092402,0.796167765240374
374,"Global","all",12538.3747342391,145.511424784266,-145511.424784266,6636,31.7452964474644,0.00417174524423632,0.529255197795197,1.03209580017729,0.00910566684973142,9.13155202544516,-0.244410257318008,0.806218983620584,0.790841483873979,0.832539235016027,2.3732364906522,13.563610223359,0.970245013771627,0.779573414091765
375,"Global","all",12896.0361828217,138.218266673217,-138218.266673217,6636,33.6129028564959,0.00398295279120895,0.514576720003278,1.02854944396976,0.00858956271954329,9.69613370575,-0.260630033690687,0.83149493263527,0.806772866476664,0.817217297548111,2.49672856023031,14.3814159149379,0.9714240233046,0.79667258028456
376,"Global","all",12693.3756735713,121.108614106181,-121108.614106181,6636,33.1295389976214,0.00392679214814233,0.522792373806183,1.02933149980554,0.0105148563319297,8.84438377985122,-0.25525205321299,0.832710120810919,0.79777799980547,0.824685891466359,2.53801309628939,14.1824724792026,0.981128889520137,0.803141834859309
377,"Global","all",12833.347225181,131.974559352474,-131974.559352474,6636,34.0445211633493,0.00408273335122053,0.517090349350102,1.03567997621399,0.00903323910550972,9.23828419690268,-0.252167739310854,0.830610392768784,0.80590583585322,0.828046737934169,2.4083972477437,13.3328175589374,0.985108969998591,0.812667052366118
378,"Global","all",12802.9930814775,147.659787766333,-147659.787766333,6636,34.0586931925121,0.00358910129112682,0.518316299772162,1.03421648506806,0.00878832174219332,14.255794398042,-0.250707893445915,0.855929483166186,0.800620499749307,0.823058832244699,3.35349726153893,29.1085674065952,0.986978396947876,0.818289301645092
379,"Global","all",13191.3246984499,130.97740896,-130977.40896,6636,33.0375398504257,0.00365543991481394,0.503057892341913,0.995102788543784,0.0115873905624626,9.64584882113729,-0.288703301226303,0.796978751551898,0.801468011110512,0.79479984424349,2.55770970641714,15.2125151714681,0.943189311259749,0.770269165390081
38,"Global","all",12631.8180720564,105.755362506854,-105755.362506854,6636,33.3133966015449,0.00442773963180701,0.525340054942675,1.02872492867766,0.0133181105734852,8.32359449767096,-0.249723162747411,0.802790810414935,0.794802343686118,0.824384175764183,2.25228078945761,11.6103508456524,0.989941933395147,0.814239719383527
380,"Global","all",12432.3642413222,111.445262161699,-111445.262161699,6636,29.4150824413547,0.00382905627173754,0.533768145076021,1.0283167556727,0.0107072971648787,14.0197148653396,-0.248813301711018,0.832965759396676,0.786980291020593,0.826069748648977,3.33064996931757,30.0698193468711,0.938731802665214,0.721882496404229
381,"Global","all",13089.9935524886,113.013248324291,-113013.248324291,6636,32.1091099976649,0.00393301707378968,0.506952121358258,1.01160380213937,0.0124149614675106,14.6447697067274,-0.278931136533345,0.845369460745672,0.80750985146669,0.805598793924832,3.48973065676763,32.5918744194017,0.93302580940024,0.748952961549341
382,"Global","all",12514.4151610368,112.799476250298,-112799.476250298,6636,31.3571602968286,0.00427334330078727,0.530268487548736,1.04572649643969,0.0156630267727331,14.2930959937404,-0.240674923153887,0.852754597389041,0.801185833296452,0.838623251439995,3.15772403391504,27.7824871552775,0.966565968036806,0.77278021374949
383,"Global","all",12924.1951783062,100.520978297267,-100520.978297267,6636,30.459404447148,0.00387931005105121,0.513455569839954,0.975231800184433,0.0167959537959946,10.1373952012279,-0.293244377160209,0.760144440321227,0.778598401504267,0.795475169275841,2.80668811270232,19.8639915802326,0.919378823125265,0.721258752595356
384,"Global","all",12575.9718456185,99.9455663548195,-99945.5663548195,6636,32.2800997450032,0.00418315003502089,0.527672937047166,1.04075153332202,0.0131075391110142,9.01462485894752,-0.24381303744361,0.83426973286061,0.80061924467501,0.83125518733234,2.51932105335258,14.3530707961582,0.973626163845047,0.78212500958714
385,"Global","all",12847.0524175298,128.566353093622,-128566.353093622,6636,31.6304825312717,0.0037471326152253,0.516538719103005,1.01349138596531,0.0121395953510167,10.9954040871415,-0.265448367992769,0.805602195690771,0.795118834478507,0.820343329070774,2.65182043303868,17.0248872937609,0.9432507313933,0.751435455667598
386,"Global","all",12243.6651897942,85.1178184793193,-85117.8184793193,6636,28.722852502404,0.00381356211373939,0.541994565935329,1.0244102461863,0.0168656057658016,9.67933104505101,-0.246526330596195,0.805215377400319,0.777078218687583,0.829875703837042,2.52854056477508,14.6252139267029,0.943017792604065,0.718346961499104
387,"Global","all",12462.0502676978,154.21482139929,-154214.82139929,6636,31.6753487426372,0.00373863581890374,0.532496648420753,1.04287612481354,0.0145816529334651,13.3237491712656,-0.23732377869997,0.839207823425973,0.794418474200301,0.841878283718043,3.07262828006923,25.0189679927355,0.974260323078307,0.779027000263615
388,"Global","all",12682.675504262,144.110704210206,-144110.704210206,6636,32.1857485403613,0.00412203671388447,0.523233445322316,1.03226843490386,0.0119162281930363,13.396391867874,-0.254703305558534,0.860361042829093,0.79864530166099,0.827002284923035,3.22826993664744,25.5390503455358,0.96420295681061,0.776452351453124
389,"Global","all",12773.0456540155,110.949900101083,-110949.900101083,6636,34.0483178131939,0.00446172681709328,0.51953153380563,1.02963365778341,0.0108540786264346,14.0161825913308,-0.254061682596184,0.841535477863634,0.799820183122265,0.821509268491177,3.27151133198141,28.6882909460098,0.989002530572444,0.818038001039965
39,"Global","all",13009.8152962577,162.093169114747,-162093.169114747,6636,36.9476009168303,0.0050454612681264,0.510076419140928,1.03287719967021,0.00977020929254562,10.2394657559442,-0.248326536729004,0.81159675385657,0.806189438280979,0.839521823160199,2.62044699035753,17.1453389190133,1.02303170694953,0.88828316499826
390,"Global","all",12448.4690321194,123.086482010232,-123086.482010232,6636,30.3617858044392,0.00369719689780603,0.533077600376229,1.0257943647964,0.01445517203484,7.30350831966023,-0.251213529721937,0.8076078716815,0.78809511854777,0.824509126283373,2.24649282373678,10.7777436853318,0.953920718621845,0.748612163641281
391,"Global","all",12547.5437384451,96.8709128244934,-96870.9128244934,6636,29.5316593805567,0.00392306628023661,0.528868449341812,1.03395794829548,0.0140794171376052,10.7984596021305,-0.254698671409171,0.865715088987973,0.796925242149607,0.815840868051855,2.96274719703946,19.0571511953994,0.930884289655808,0.713331539919009
392,"Global","all",12431.8012889378,125.471885388521,-125471.885388521,6636,33.1703972204456,0.00378620879082182,0.533792315833178,1.0569528490609,0.00977883794211954,14.021148017277,-0.230126350248143,0.871608382462293,0.801586652212935,0.842402175739535,3.36748072873257,29.5523803607143,0.999668759846502,0.811693643489547
393,"Global","all",12535.415330144,132.93564242846,-132935.64242846,6636,32.2390138692272,0.00421800053116336,0.529380146188086,1.04065045782227,0.013438533638876,14.4495245847712,-0.241817207090196,0.854627941363506,0.794427559591863,0.840993347267374,3.3467447802736,29.9536096393966,0.978942809272363,0.791243180925238
394,"Global","all",12649.9515782066,131.487066450675,-131487.066450675,6636,32.5607490331696,0.00388912453236382,0.524586988256345,1.0386539747562,0.00960954782966358,14.0128550969262,-0.247594370543998,0.847994022306799,0.802890870477158,0.839141741351935,3.24828404331438,28.5962973000709,0.971995792718811,0.783514513976461
395,"Global","all",12925.1129515251,169.464961346111,-169464.961346111,6636,34.2078579394216,0.00441347228397293,0.513419110911286,1.0416572625228,0.00998125631945386,13.9942379542751,-0.249911986591718,0.861700582463821,0.809950624719167,0.826199756103891,3.13358556059343,26.0867774648421,0.978520434897468,0.810383455596954
396,"Global","all",13095.8370352172,153.940887545141,-153940.887545141,6636,34.3820810052613,0.00456750511568479,0.506725914666964,1.00280134529258,0.00920505724530733,10.0394241215428,-0.276264483686114,0.805349005958496,0.794556458666354,0.798221189216642,2.7827272353089,18.2428146502881,0.972432944521896,0.815485008429304
397,"Global","all",13139.5963131149,137.796613742264,-137796.613742264,6636,32.6284426141374,0.00414202917581757,0.505038346830831,0.979706077033747,0.0134041912962127,6.71075773073671,-0.296799096838172,0.771062473303795,0.787414497621324,0.77398045721122,2.24563037841754,10.8632221472187,0.941658014103337,0.770511672732944
398,"Global","all",13329.5066403833,159.218983349571,-159218.983349571,6636,35.3460841072327,0.0038607715863496,0.497842881888476,0.995387966446166,0.0111043147377495,7.74436126978616,-0.284801205434541,0.776380870210126,0.802289465872031,0.795794796941618,2.29238962539287,12.1475511862544,0.969383474975134,0.821575899897196
399,"Global","all",12981.0003990051,127.249848975698,-127249.848975698,6636,32.5525647301457,0.00410731499191555,0.511208673909956,1.01024202263516,0.00921018661873428,10.459459819637,-0.275906015405549,0.81208411319626,0.801778963444978,0.815140799681489,2.53809289024636,15.4838510031422,0.946451459771817,0.761941055492208
4,"Global","all",12850.2432714127,106.636272145587,-106636.272145587,6636,34.3136916558721,0.00427220736545016,0.516410456972653,1.03909231265383,0.01140528128999,10.2121887234535,-0.250279410693965,0.845659548342829,0.808405244420474,0.812671956350163,2.71097174215829,17.1796129739393,0.987133236305027,0.818964015959335
40,"Global","all",12620.15728789,94.9138199127563,-94913.8199127563,6636,31.7747316514995,0.00423299487761319,0.525825459114347,1.02694815926228,0.0120242378098966,10.7807412358249,-0.254687022717771,0.810183078195665,0.796665004284092,0.826937358827596,2.41057664157165,14.8035944408618,0.963956854961506,0.772076493279112
400,"Global","all",13106.252385443,86.7469918047575,-86746.9918047575,6636,32.8505193013716,0.00371905229369199,0.506323226872279,1.00686496332956,0.0152838931947338,11.12201152508,-0.282137217122534,0.812510611042786,0.80840090244196,0.801043210452437,2.68068787048535,18.2094844833591,0.943297914329348,0.765358680620195
401,"Global","all",12851.2962803089,115.665583285445,-115665.583285445,6636,34.3768681902216,0.00440229468025579,0.516368143357477,1.02881316295762,0.0116223730678033,10.2211684095665,-0.256618235601542,0.834352433216929,0.803533838979676,0.82808821541396,2.73256272234056,16.9030750112566,0.988489921740122,0.82278295816925
402,"Global","all",13047.2109516524,97.7170217250952,-97717.0217250952,6636,34.1689023207886,0.00462166651255811,0.50861444829782,1.01140229276126,0.0155385633372591,9.2897438046205,-0.274531887025516,0.790278009443295,0.808993880744781,0.812689299335395,2.17438902272212,11.7055478503596,0.96768079761538,0.796569425976861
403,"Global","all",12662.5537750329,90.8676889103501,-90867.6889103501,6636,33.4560401394026,0.0040033996272769,0.524064901748678,1.03779515724777,0.0132508739104336,10.4277036927184,-0.24578649937176,0.835050300180786,0.799683026331788,0.841917373626841,2.62819655687079,16.1660826196646,0.986562656677503,0.806794150089902
404,"Global","all",12882.8110130675,116.072940884576,-116072.940884576,6636,35.7776066211611,0.00473944028830948,0.515104971521266,1.02983879545813,0.0108702872629446,8.18711380311793,-0.252513326588849,0.805598231680745,0.805069326716935,0.840816045691029,2.27141372438208,11.7022217496048,1.00776898438111,0.851227235942877
405,"Global","all",13013.4990101348,136.254135097397,-136254.135097397,6636,35.9944925832088,0.00403234325966641,0.50993203248657,1.03296792394692,0.00971726020097364,9.47513974546132,-0.257476381398812,0.82475807371826,0.813750293867162,0.828441267338705,2.31127612009081,12.2139436224962,1.00107894006028,0.8477017183156
406,"Global","all",13273.0912892564,107.727412911567,-107727.412911567,6636,35.1942136408473,0.00418619434172434,0.499958890915743,1.00836984624312,0.01213630056026,7.31046218173918,-0.280718268027318,0.806992536774185,0.81061820297367,0.795766345807818,2.35206197376529,12.4116217546107,0.971494917551458,0.818686914038575
407,"Global","all",12827.0805521632,141.616160872618,-141616.160872618,6636,34.9936893844432,0.00389830288988765,0.517342973953715,1.04707137488742,0.0095014762876437,10.6566351340639,-0.247814780076119,0.869747506175955,0.814216503863096,0.833960363890115,2.78703509939398,16.9641198280357,1.00046115963908,0.838658438481136
408,"Global","all",12915.4436219061,138.332237157608,-138332.237157608,6636,32.6812660301426,0.00425839439175093,0.513803489393472,1.01398823591885,0.0127323144106164,9.64526713557718,-0.267415303732394,0.803486370200494,0.799432918803734,0.805566230171095,2.55635453568668,15.9632250436068,0.957482810410639,0.778009895814319
409,"Global","all",12779.8804281718,120.170881630769,-120170.881630769,6636,31.3442319370861,0.00373790882028799,0.519253684515834,1.00944323162039,0.0163669241292152,6.62979961686183,-0.270769948624274,0.788702948958361,0.795720716790135,0.806897204206264,2.14359660006786,10.1196667833918,0.946059947743384,0.75405262887097
41,"Global","all",12852.0253365412,118.207951804161,-118207.951804161,6636,33.9231300243198,0.00422654276489842,0.516338851366281,1.03028369899765,0.0165146378937165,8.25314712978451,-0.256727836094942,0.832875506804989,0.805631995349981,0.824354444009866,2.56355390099723,14.4738290621586,0.984538491181953,0.815671230171383
410,"Global","all",12818.1878916894,93.8852155364052,-93885.2155364052,6636,32.5591826168936,0.00405569809019735,0.517701882362204,1.00661027131852,0.01518927012992,8.13504774175041,-0.268778522891911,0.769209908948498,0.793981945118338,0.815089177324226,2.09622136735518,10.5761299391197,0.96088054947209,0.778252475069871
411,"Global","all",12988.442686878,118.444722178712,-118444.722178712,6636,34.3274797241851,0.00405519827864903,0.510915754873696,1.01707619452911,0.00971895012120712,11.9629165418672,-0.264530824851049,0.830867615869997,0.794741032934049,0.810147602988894,2.98245544063088,21.5957033393486,0.980333368955013,0.818391313204144
412,"Global","all",12916.4606668534,124.667593762786,-124667.593762786,6636,34.112647874012,0.00385463753552922,0.513763032393968,1.02245087035297,0.0103330517149314,7.93742455446141,-0.25947936845531,0.81316754770284,0.799403943709112,0.814189451622258,2.42077064189219,12.8933817526022,0.979671260262759,0.815093848475271
413,"Global","all",12854.689603608,139.991332591282,-139991.332591282,6636,34.2321469985482,0.00388757966030535,0.516231834811276,1.02366789961141,0.0154317779455069,9.40202579047942,-0.256480680685686,0.794601653967306,0.802734598808376,0.822929058295413,2.3328182685541,13.6181092282653,0.98646265076424,0.818978778801175
414,"Global","all",12785.0889496144,88.3372184871902,-88337.2184871902,6636,34.9636199459696,0.00464615727842616,0.519042145592591,1.03412945042561,0.017317891787675,8.86325443748023,-0.252376907834442,0.822360236436486,0.806817963941678,0.831724221481113,2.38028124737082,13.1466374244016,1.00093091632726,0.831694184595056
415,"Global","all",12642.3571268102,149.940751832074,-149940.751832074,6636,31.6671723508971,0.0038689048833633,0.524902115439159,1.02145018943361,0.00939850276280982,8.92383683591373,-0.255696491283955,0.78669436062102,0.794703731801325,0.84064809092502,2.20639138342605,12.0335629827319,0.961644328156305,0.770815437105542
416,"Global","all",13001.2197113633,94.9291568717527,-94929.1568717527,6636,31.9627877240861,0.00402012059543913,0.510413649436291,1.01369735842294,0.0119164460867588,7.026958798332,-0.275753062060304,0.806126664368354,0.809014734515948,0.811145535251627,2.14447088857985,10.0528711472851,0.936424592268474,0.748739707294614
417,"Global","all",12898.1532546098,131.587463489927,-131587.463489927,6636,34.8183405999788,0.00426580069014887,0.514492258620691,1.03390778001799,0.00968965116359411,10.1120576243489,-0.254750232690574,0.856762572987104,0.806950884888582,0.832705422720599,3.06849264505901,20.6902129697559,0.992940775146428,0.832756748076729
418,"Global","all",12608.9581347899,114.137549532406,-114137.549532406,6636,31.39948728526,0.00385513734707754,0.526292492136234,1.02906868132324,0.0138064595188589,10.3096380405695,-0.257075984593964,0.816786837924205,0.801870182800756,0.821316077147167,2.35902972573672,13.8010470904567,0.956461150899283,0.757825076000997
419,"Global","all",12872.6142889051,97.5181877974015,-97518.1877974015,6636,32.6811067728114,0.00417042755924528,0.515512999229657,1.02709115870268,0.0183795359819803,12.5333307493941,-0.261502050263,0.862809010947272,0.803265519216687,0.810372966569463,3.33787530177646,25.8058833379485,0.95957203801095,0.778735708147106
42,"Global","all",12716.4776913792,116.529821299573,-116529.821299573,6636,35.4062639572355,0.00375408453948841,0.521842617197267,1.03474777052977,0.0113429129030928,6.73640781135542,-0.238270453778359,0.779274044434792,0.796406685064107,0.850716593486884,2.01598337389119,9.55030298295337,1.01409554624429,0.853453679389967
420,"Global","all",12931.3303347062,133.735487911987,-133735.487911987,6636,31.0419587329298,0.00380161207399301,0.513172259020383,1.00652964319681,0.0128507070364813,10.2422791796546,-0.276682057774053,0.816983405819598,0.795491641579404,0.80258040223531,2.67902363958779,16.2706931768109,0.930117351446543,0.739264948888763
421,"Global","all",13405.2134266237,136.747372560072,-136747.372560072,6636,35.6667633327407,0.00414384667235695,0.495031282890315,1.01379415677442,0.0137830868917606,15.5307486071021,-0.281125773839961,0.862902395070484,0.813772285053249,0.797159617871089,3.62195676938189,35.5547143245808,0.970284747133678,0.82520116094927
422,"Global","all",12817.1034163576,117.105582977205,-117105.582977205,6636,31.6197670164465,0.00414743622802221,0.517745685934855,1.0021471692884,0.0225156325809651,8.14924326853163,-0.273200335762225,0.781021635083795,0.791339048434653,0.809782784200503,2.39481123170975,13.4332398991186,0.945413468940458,0.754739633189839
423,"Global","all",13221.0538705288,170.403687170801,-170403.687170801,6636,33.5414910116529,0.00414807235181099,0.501926704556613,1.00896161166507,0.0145260080826108,6.79406281847237,-0.286329057451054,0.816751503179634,0.815425888584469,0.795770059497591,2.20327019309033,10.1633930043538,0.949018147873363,0.77927308936139
424,"Global","all",12833.7388776068,192.167834559564,-192167.834559564,6636,33.2076354614124,0.0037975681441929,0.517074569093732,1.0271518020844,0.0132305788745649,11.5221839124037,-0.262515515415723,0.842826343298094,0.805155851206787,0.810184578160844,2.74555770877063,17.8478805078608,0.96853063417169,0.787175875755814
425,"Global","all",12583.9035528541,90.0789878284081,-90078.9878284081,6636,31.4257392636611,0.00430637630039038,0.527340341741174,1.02883102609113,0.0119217881419842,16.3911142844251,-0.249093805512126,0.834856470525863,0.792000183627166,0.828608014122652,3.76517482205452,43.7974462324035,0.956235315958161,0.75303006694902
426,"Global","all",12618.5605656468,124.14365374684,-124143.65374684,6636,32.1453568160735,0.00401525879219631,0.525891995800697,1.02722345032855,0.0185474941019187,8.64916489796526,-0.252757141925075,0.815207600854677,0.795472823095508,0.829218988437516,2.47421549540536,13.7920929523007,0.968064766597002,0.775170630549218
427,"Global","all",13172.360034944,161.150107529954,-161150.107529954,6636,35.1659350335536,0.00443510049279147,0.503782160705896,1.0153873695873,0.0108678262204393,12.931303302419,-0.268044885964036,0.83073926727549,0.802797922597348,0.818983348108952,3.31494709497903,27.7126655005654,0.97905519351283,0.829931422140516
428,"Global","all",12972.4304408158,120.517482229056,-120517.482229056,6636,32.8521916507075,0.00473884960193418,0.511546392965872,1.01196099507021,0.00981097087778173,16.1292682503784,-0.271630934172404,0.833302944207729,0.799147295363717,0.813098649721665,3.83341260328387,43.8151841817557,0.953227448967372,0.772834594657072
429,"Global","all",12437.2542207736,146.766663169532,-146766.663169532,6636,30.5106303570988,0.00396673163459505,0.533558282415426,1.02366590046112,0.0214699007268677,7.13318671353384,-0.249437616381805,0.779996027529537,0.78841483813336,0.827159709980244,2.04110157820498,9.6329597598706,0.957062648129678,0.752383807699047
43,"Global","all",12273.9112601047,95.353059898196,-95353.059898196,6636,32.9754209125837,0.00447503997924419,0.540658952095387,1.05685744843374,0.0186124646850833,7.50287246987195,-0.220128931699892,0.810157754488491,0.795951491717856,0.863207889073049,2.18450559431284,11.2742463873826,1.0083064061725,0.817726022500932
430,"Global","all",12969.9661551191,132.285907781373,-132285.907781373,6636,34.728406031682,0.00433868230137773,0.511643586470028,1.03268933202661,0.0107495846679601,9.62572563692997,-0.257051125432282,0.835278856730909,0.810007756747497,0.816509571565,2.49892625827702,13.9738996444326,0.984577443078749,0.822441324406924
431,"Global","all",12787.4344343937,128.743784335284,-128743.784335284,6636,30.2480571035736,0.00407823504728558,0.518946942332038,1.01541273090888,0.0148525830613443,7.64047608340724,-0.270464917988424,0.828128533843861,0.796175233114884,0.804940257256883,2.42883240598571,12.0149823333201,0.927240121765302,0.725549155906237
432,"Global","all",12991.808330318,153.540214419549,-153540.214419549,6636,36.2408043626604,0.00446663405774959,0.510783397605557,1.03748356909806,0.00960106578542716,8.78910609060003,-0.243053544978967,0.807577934077079,0.806141833665658,0.839331252154024,2.30796847402605,12.3491965926341,1.00827867624951,0.861053195909443
433,"Global","all",12813.6711182271,101.212184058741,-101212.184058741,6636,33.8850758338363,0.00446122700554496,0.517884370433113,1.03748061087407,0.0109275846647858,11.7157073278955,-0.252488411049127,0.866577891776444,0.807053600809024,0.833319908542461,3.32430737280161,26.1849351723404,0.982141877529039,0.805580458277933
434,"Global","all",12582.9542448257,106.797669847105,-106797.669847105,6636,30.8694852439235,0.00431023848053654,0.52738012639034,1.01903162768561,0.0137610105703538,10.8883625210884,-0.257525875516999,0.815896788514277,0.787534061792469,0.815039964736705,2.76189359723126,17.9234237109317,0.951334901396296,0.750518107604537
435,"Global","all",12625.7262085104,125.698591465981,-125698.591465981,6636,34.52717383732,0.00437207880028871,0.525593529465813,1.05054681257524,0.01176125263436,12.43027892913,-0.23568926481051,0.856221081287693,0.805740460002208,0.853983448158135,3.21097901741262,25.8889011178693,1.01075133439492,0.84869587379935
436,"Global","all",12497.3601506895,100.312603589874,-100312.603589874,6636,32.3097195333737,0.00426471019222525,0.530992139138593,1.02661971787768,0.0109915899379721,8.4231870651881,-0.244411579941683,0.782075528531819,0.784834121847269,0.825786901015333,2.11758723797244,10.7126578714642,0.983280041026479,0.795829586678358
437,"Global","all",13051.0368829715,149.877630679887,-149877.630679887,6636,34.4663342232624,0.00430378636782177,0.508465347198459,1.0220716465337,0.010754252298696,11.9088810322562,-0.265042394915113,0.835021813027236,0.808049564397972,0.818774177961576,3.21902163070895,26.919676407183,0.976654999115188,0.816327493255975
438,"Global","all",12397.2506411413,114.672554793704,-114672.554793704,6636,31.0119966230946,0.00413571337534325,0.535279973930502,1.05213158732933,0.016225813184544,9.61920725916986,-0.233145616701058,0.843306809333914,0.800206060599332,0.84179366146132,2.57026640311925,15.4058738210606,0.966684215681192,0.7606276368275
439,"Global","all",13362.5661434576,140.940161680645,-140940.161680645,6636,37.8952212303412,0.00419042002117838,0.496611199432608,1.01336163241633,0.0106619418436382,6.76753471697789,-0.268701867451851,0.769044619432036,0.813143885421062,0.830021774781996,1.8730582824336,8.28446700792898,1.00563151758813,0.873462038125533
44,"Global","all",12918.8382305868,94.3234880596905,-94323.4880596905,6636,32.4433371963751,0.0043753048566461,0.513668480211208,1.01784121326584,0.012279085273503,7.29649710544145,-0.263046439672194,0.791931678777036,0.800275224052095,0.813964989325504,2.11494115709171,10.0893334241491,0.951148511914852,0.76855122094434
440,"Global","all",12743.2605933651,95.3906917730972,-95390.6917730972,6636,34.2424060846688,0.00434449829030372,0.520745844549006,1.04536332898138,0.0123148889755061,11.1677255736325,-0.241047933542055,0.824923846507965,0.809615626535617,0.844168796630778,2.50391098989067,16.2752991890335,0.992032348191286,0.81777747864034
441,"Global","all",12821.0794707511,127.289773605998,-127289.773605998,6636,33.9177085524227,0.00415216171902458,0.517585123400788,1.03449746323375,0.00981960313263865,7.41824692546855,-0.251471986048689,0.818399710311563,0.806568169719741,0.827851510557306,2.23896123263218,10.9696129047322,0.984008702199876,0.813406220708889
442,"Global","all",12753.6733750916,154.207990240607,-154207.990240607,6636,33.9582673097317,0.00428997339412253,0.520320679762771,1.03485060430132,0.0128770407391224,8.11273394564288,-0.249466985089744,0.825553196215285,0.803517930193025,0.828872357678293,2.43303117793227,13.0187940446855,0.990399142128926,0.819981170433127
443,"Global","all",12756.89786907,155.061822862912,-155061.822862912,6636,32.4916809769884,0.00398486116257529,0.520189161041217,1.02810520448265,0.011487383090389,7.82794665684419,-0.255212537274708,0.816795076312208,0.799327011296927,0.817387603591266,2.32186918208195,11.9871824233791,0.969509423213388,0.790944982438527
444,"Global","all",13051.092828202,118.861303884459,-118861.303884459,6636,31.6502757785627,0.00436658087325711,0.508463167594698,0.998718639163693,0.0160665914822011,8.23240667105597,-0.285531586875903,0.803300122914899,0.798746099881504,0.779445545085067,2.43655540659336,12.9535531890875,0.929606903945904,0.741734217418285
445,"Global","all",12874.6343879981,121.531116800631,-121531.116800631,6636,32.0739773873122,0.00410345281176938,0.515432112478953,1.00833274580175,0.0139773493626095,5.83916489348566,-0.26792353246811,0.769096248488763,0.795148626053541,0.812830891556687,1.93941153340605,8.54195399283017,0.950734273901572,0.766424743982276
446,"Global","all",13132.5132842165,121.174371973402,-121174.371973402,6636,32.6921661796722,0.00478919425607481,0.505310739565412,1.00214962908052,0.0114942699117243,8.62245672357505,-0.276058999237915,0.777676446992475,0.799420382719753,0.808253651818076,2.31940211599079,12.9747831140979,0.941407545203681,0.764585793630084
447,"Global","all",13055.0485488727,105.623207592944,-105623.207592944,6636,33.4864075843525,0.00382851102277573,0.508309101659607,1.01642230177516,0.0142394381919762,7.09921475359116,-0.271038520377189,0.800033481687953,0.809991420543337,0.812927992110247,2.13633310413795,10.1459960106219,0.956600595747781,0.782942558248205
448,"Global","all",12950.8650861962,138.979504805531,-138979.504805531,6636,34.4178517909984,0.00387390299884657,0.512398203195944,1.03093180723827,0.0110168020194255,15.5063287974301,-0.258267819159282,0.862369547344883,0.806448917502443,0.824903836376562,3.60893735202785,35.3147073792047,0.982965747150695,0.821927963528971
449,"Global","all",12792.2487144929,111.936802456222,-111936.802456222,6636,32.1911340205815,0.00384564092765932,0.518751640005386,1.01165382385522,0.0129060159907923,5.48726071861237,-0.261005353829166,0.763063534902602,0.792606120464693,0.835310980416016,1.95339432746718,8.73838930599035,0.95725897844852,0.772840318630941
45,"Global","all",12825.1428958266,107.312999271656,-107312.999271656,6636,32.8720999634489,0.00386168033461929,0.517421135491551,1.02546667481719,0.0132275636167415,12.1132607010425,-0.262227416519517,0.860297153705951,0.800155995711671,0.808591745303894,3.37120208750912,26.6077528995538,0.967302186139906,0.788856371786261
450,"Global","all",13332.626232501,193.818178858882,-193818.178858882,6636,38.0782913612441,0.00425684951969246,0.497726395706152,1.02672942922105,0.010299922356735,8.36529218611236,-0.258860204999842,0.787300120979438,0.820219816400713,0.837967339089824,2.08851131156424,10.741022678427,1.01456005426936,0.893431645046918
451,"Global","all",13292.8020377863,173.191125697987,-173191.125697987,6636,37.1019970839247,0.00425798545502957,0.499217545039516,1.03019751830102,0.0124541163797849,7.51277101276301,-0.264223883061004,0.823343284484857,0.823285221620857,0.823149173345764,2.27600969165407,11.5880832861905,0.998489503072845,0.859519012464927
452,"Global","all",12851.4682370148,134.987431298197,-134987.431298197,6636,32.8592814612256,0.00406337701307621,0.516361234188559,1.01639363657562,0.0103577050552909,6.77081025305318,-0.261446103999579,0.794339108658615,0.796198363728504,0.813946272061736,2.29270265607513,11.5698150463747,0.964204957830159,0.790474667867874
453,"Global","all",12667.7403587766,165.510677878222,-165510.677878222,6636,33.2399069496768,0.004039340621343,0.523850332581409,1.03683719307157,0.00842168828768247,7.24159455986539,-0.24327159909732,0.807513711433037,0.797939888420663,0.834757069529493,2.18208448279088,10.7482441002637,0.983851067980622,0.806921125851228
454,"Global","all",13003.9369466071,135.319203870688,-135319.203870688,6636,35.8359610959037,0.00434349866720707,0.510306996046409,1.04444155455599,0.00869376040389651,13.8614186640924,-0.245050398148151,0.845534644337933,0.814410125614773,0.836405177799021,3.08420917707753,26.5028454945785,1.00120323263674,0.85182107328216
455,"Global","all",13074.3855816458,173.130649221615,-173130.649221615,6636,35.3696059414814,0.00498698331697208,0.507557311856845,1.01913642845798,0.00825737409758871,7.19524679090096,-0.261241817237868,0.789851435198969,0.803312206366642,0.821807031831866,2.1519781815438,10.5367376745586,0.990753105231746,0.842320781163849
456,"Global","all",12857.139592666,125.82848598409,-125828.48598409,6636,31.4927998473141,0.00432932219419996,0.516133464381561,1.00117442201141,0.0113744924540404,9.14204771713755,-0.275840726387996,0.799812839474117,0.788620770686181,0.809424346383222,2.66935563565884,16.0994613697695,0.941446717556169,0.751760415844513
457,"Global","all",13036.1561522746,135.720061606828,-135720.061606828,6636,33.165463515434,0.00433550168243383,0.509045758771624,1.00943283492056,0.012759020127738,8.19360298308878,-0.270177873764399,0.788916208904415,0.798924585966836,0.813229465853205,2.27279905469589,11.9484190302265,0.958406135203637,0.791531018372872
458,"Global","all",13241.77688374,121.022690162212,-121022.690162212,6636,34.1947229230837,0.00435899282520522,0.501141203198232,1.00826194012632,0.0100289920705583,9.5710076477975,-0.281764393268965,0.810817933705805,0.811246582260763,0.804869062327215,2.44522476451909,14.0066429436314,0.957275420383754,0.797571575614813
459,"Global","all",12814.5387265797,113.312064733792,-113312.064733792,6636,33.0638470322838,0.00403570562826425,0.517849307071486,1.01983026223167,0.0104865958044393,8.62159191598858,-0.258459641423984,0.79435478228378,0.79706162384594,0.817691366195849,2.36212310424567,13.5285233659446,0.970137617588743,0.794783369525639
46,"Global","all",12805.5671882734,186.465043163853,-186465.043163853,6636,35.2187645835866,0.00426461931739828,0.518212110594904,1.04314330904742,0.0109839382686656,9.22885150997004,-0.240814958383696,0.826867281348829,0.804675735691796,0.838631707565061,2.46276597074437,14.0632090893768,1.00710458531285,0.847271725000835
460,"Global","all",12889.8913158729,134.520446672044,-134520.446672044,6636,33.9881361166803,0.00454010635535374,0.514822028935829,1.02045103981564,0.0121589348410485,8.84598933794293,-0.259186939394078,0.798144036281374,0.79932442415031,0.824985696296954,2.29040288845342,12.0964330586303,0.980882369614154,0.813965393505042
461,"Global","all",13202.0088958637,164.992982399581,-164992.982399581,6636,36.9934166886332,0.0049970704227656,0.502650774768008,1.02671523177988,0.0092431684140043,8.61035347978823,-0.26223600420864,0.827721317020252,0.812163727425935,0.820923940293076,2.53943593956421,14.4238392473922,1.00807545983251,0.876939773094335
462,"Global","all",12690.1022317012,96.3222027905386,-96322.2027905386,6636,31.2476098543994,0.00414739079060872,0.522927229334891,1.02470374728913,0.0133503916098716,11.4218357174686,-0.260242715963969,0.846798086107419,0.796104726180296,0.815111308752956,3.12920688855237,23.5147778815747,0.952287850761787,0.760501356960699
463,"Global","all",12825.0574983414,95.6908192208088,-95690.8192208088,6636,34.1673768384177,0.00442265064149676,0.51742458081441,1.03229437264563,0.010450323324043,10.7005779096723,-0.25324377569096,0.835584000166568,0.805392143306837,0.827620322131422,2.93812558941266,20.7560953724779,0.985466280152014,0.813433241902626
464,"Global","all",12877.6113477506,148.065676267727,-148065.676267727,6636,34.0408911644884,0.00439520644375223,0.515312958342938,1.03588211888441,0.00902327341667507,10.4266835436978,-0.250347325384764,0.841503935058979,0.805816542240365,0.827966067255139,2.83259102382179,18.6900583771059,0.980996950894098,0.813059840421367
465,"Global","all",12839.2129889294,145.54755320945,-145547.55320945,6636,34.9513372474647,0.00460580885525208,0.516854109805791,1.04028341079125,0.011568856137556,8.39285310432749,-0.246301040783235,0.825239938152908,0.806572138864227,0.825731918630617,2.2682796974482,11.5308075674028,0.999148977065009,0.838587095445062
466,"Global","all",12546.3570009774,137.24416978327,-137244.16978327,6636,34.2351878621889,0.00421786421892291,0.528918474062473,1.04742365727111,0.0110221294357393,8.17647142463375,-0.228936418373301,0.812051575972953,0.794339530323825,0.844862194379966,2.2663402953931,11.784269866515,1.0131533568064,0.847257924334906
467,"Global","all",12660.7439508265,94.7011614171143,-94701.1614171143,6636,32.0409364597127,0.00410345281176938,0.524139815620142,1.0441016230949,0.0195591620466626,9.94632480758843,-0.247861726230273,0.863365529759462,0.8076435933035,0.820741288871255,2.78134025023101,17.0988836990946,0.96452388427545,0.774462005578024
468,"Global","all",13008.8990882609,116.189183883824,-116189.183883824,6636,35.4802934829908,0.00450189349061343,0.510112343479411,1.0383374997562,0.0157423468426814,7.30985515499903,-0.25602569422931,0.842800573471454,0.816299928903767,0.820436557646886,2.30521099408168,11.0787908297384,0.99516182481865,0.841867317375858
469,"Global","all",12871.8370931662,137.167879820118,-137167.879820118,6636,33.0540500370424,0.00468564239074404,0.51554412567287,1.00974621115708,0.0133375992630709,6.63035254947992,-0.258928334350945,0.760731885730927,0.788480452320665,0.829871512509247,2.09737519965881,10.2172403622421,0.968880632353205,0.802206409464036
47,"Global","all",12971.8755006368,177.633875305245,-177633.875305245,6636,34.0890207112167,0.0040935474556298,0.51156827705248,1.02358352463478,0.00797472701827752,9.09066758284175,-0.262221382159791,0.813725399736489,0.807404327316554,0.827813509073788,2.52396550926687,15.2192214230805,0.975742479052463,0.811614439841044
470,"Global","all",12953.5776052025,102.877229107556,-102877.229107556,6636,33.0187279288025,0.0037651258309651,0.512290905435639,1.01126292340793,0.0122484021355576,8.79620336276415,-0.273612468688597,0.809190253806408,0.802142655302707,0.813182411617385,2.46357885710864,13.9175271407546,0.956530956252858,0.777399797329128
471,"Global","all",12576.3038746764,104.648153110013,-104648.153110013,6636,31.7121518189585,0.00382037772576204,0.527659005867551,1.03924845906142,0.0177967646824654,9.34477624692891,-0.247980073454405,0.852326351568124,0.799965202951552,0.83175244262528,2.7516971927547,16.6574030531352,0.964417546195603,0.767361012306395
472,"Global","all",12659.8193337446,118.300510899982,-118300.510899982,6636,34.4278171578784,0.0037720777552282,0.524178096468708,1.04113748300269,0.00979254914884498,8.94157555386885,-0.234979732026797,0.793120966000602,0.798659992506332,0.842869702242171,2.16276834826441,11.5846216754236,1.00228695359415,0.832115406601658
473,"Global","all",12923.3257785034,112.02351144887,-112023.51144887,6636,32.0048912343493,0.00354189181851661,0.513490111890417,1.01295023601047,0.0113707126343967,7.89417540845454,-0.268430859338979,0.798982868830635,0.799575465316222,0.816105202238652,2.32814929066735,12.1636236318008,0.945359594427407,0.760884714939317
474,"Global","all",12817.9728886865,131.009658130141,-131009.658130141,6636,31.913165109891,0.00357442500657139,0.517710566064398,1.0112600270855,0.0176719365588708,9.57248925536041,-0.267494035245238,0.793725022117832,0.79535221856974,0.810308274959759,2.43859032917385,14.3886224044322,0.9520801772299,0.766590271344067
475,"Global","all",13035.4079307452,153.764354896029,-153764.354896029,6636,34.6393578341153,0.00403111644950234,0.509074977573076,1.00799439176517,0.0103726085348803,7.65550727165983,-0.267082099361891,0.77772477408289,0.794728999803637,0.812332214041776,2.21073453899005,11.2207590229789,0.981641843963234,0.82600974421869
476,"Global","all",12653.7885715565,81.8127578248105,-81812.7578248105,6636,31.7948362026256,0.00410467962193346,0.524427918364035,1.02650038148077,0.0136443780405135,7.13708784637229,-0.255220404889407,0.808563605278342,0.797313724650637,0.824297045812115,2.21195531522239,10.7209107289549,0.959841831258461,0.766743426499231
477,"Global","all",12951.4722229193,201.517250223729,-201517.250223729,6636,34.6803515197441,0.00365793897255558,0.512374183087599,1.01408337432766,0.0121749011542076,7.3251811612172,-0.26261245976052,0.792458884786244,0.794355926725989,0.811365451336097,2.3147642096304,12.0886588535708,0.989025570366179,0.833570834501822
478,"Global","all",12875.1286537631,112.102093501757,-112102.093501757,6636,32.1731704774357,0.00437194248804826,0.515412325457457,1.01187178147093,0.0134618595418345,8.61487625101486,-0.267569842722036,0.787800420310123,0.798019364078247,0.816053450024141,2.26351705830302,12.1538650262922,0.949822765581243,0.76338627446863
479,"Global","all",12611.6917696617,102.959385796251,-102959.385796251,6636,32.5375096634272,0.00436035594760975,0.526178416123629,1.02568732172733,0.0115347613957526,8.45453652100794,-0.246437405802229,0.793610461030042,0.787943426374357,0.834460932323412,2.41015063796935,13.7916945219121,0.978991163696447,0.798565214307282
48,"Global","all",12922.4207909549,153.497051937582,-153497.051937582,6636,35.6420920796517,0.00429851562785759,0.513526072811751,1.03551064210842,0.0109483169506943,8.30962884127382,-0.248732117168736,0.814240724742912,0.807386632081704,0.829841269655013,2.30982389759809,12.2405369682601,1.0041445780339,0.84973871137725
480,"Global","all",12755.5142960021,129.156973815202,-129156.973815202,6636,31.1955878239625,0.00432655051197742,0.520245585243074,1.0039567916231,0.00986186537805094,7.56012725601983,-0.271001442422814,0.790698068050963,0.785022286635868,0.815266720747462,2.38812512184441,12.6443211981602,0.947334804516309,0.758134215841363
481,"Global","all",13233.655919563,146.145221822252,-146145.221822252,6636,33.8933241662649,0.00457582016235242,0.50144873346678,0.99759906801363,0.00883779804757236,11.2981772484832,-0.287523815101327,0.797042428417923,0.804154983116093,0.79895898657856,2.63492837755104,18.1037700768344,0.952860551869042,0.78979365227826
482,"Global","all",12681.5137331381,111.418940663215,-111418.940663215,6636,31.8179659341225,0.00363199420945603,0.523281379466513,1.02683322098712,0.0149633029605866,8.15006951697034,-0.258996827975986,0.819033381832077,0.802117249508881,0.818998217145845,2.34480576223344,12.2575786407191,0.957780904821932,0.762059045500075
483,"Global","all",12962.0772232891,92.7909892467926,-92790.9892467926,6636,31.4622141027142,0.00378498198065775,0.511954981110363,0.993033468155046,0.0130053938652196,5.8846186846117,-0.279150628934143,0.742549004493515,0.792615296077342,0.810941922872701,1.87312494771795,8.3602710461654,0.9324093322493,0.740082280288312
484,"Global","all",12939.1249459119,156.419596299605,-156419.596299605,6636,33.7808874055035,0.00458781563951228,0.512863120785975,1.00386885933666,0.0110173857580261,7.54016555362664,-0.27166713903258,0.776374514183778,0.792894315333021,0.810561623491842,2.20968012389134,11.3912491874137,0.976637460783752,0.815299253104573
485,"Global","all",13469.4939604339,238.272284354548,-238272.284354548,6636,37.4960336933386,0.00392406590333327,0.492668842607822,1.01817898189652,0.0122232031536582,7.55323547887279,-0.272392815519723,0.812447175086333,0.819774011206976,0.813560316295566,2.32389862790878,11.7528592878992,0.994945827029288,0.866893042010489
486,"Global","all",12998.8749129092,108.208646042656,-108208.646042656,6636,30.8170125893155,0.00401616754046599,0.510505720261203,0.994356291666232,0.0141476239035269,8.45122151154188,-0.290110923556256,0.797685119085934,0.796133722266333,0.787320626389351,2.39646263398407,13.1153064249033,0.920210345901536,0.723466102395953
487,"Global","all",13319.5612924079,113.788483538585,-113788.483538585,6636,33.0027373524077,0.00427974997608856,0.498214607397205,0.97455117723997,0.016824201035089,10.8389409239034,-0.30643857437033,0.777919657680582,0.795933259772939,0.790648280097768,2.73790399432525,18.8444439626959,0.936009665131495,0.771533704757586
488,"Global","all",13690.4933744154,241.571334697403,-241571.334697403,6636,38.4623590384566,0.00494854326516434,0.484715913335985,0.995723429630052,0.00753494331933741,7.56478287912894,-0.288137161638936,0.781439237578632,0.811635932183837,0.803050129305014,2.29999877010591,11.8388348918101,0.999334470570848,0.888329654457816
489,"Global","all",12974.306863721,162.935393021943,-162935.393021943,6636,33.7299465503276,0.00414480085804012,0.511472410025672,1.01634623244333,0.0159513358980058,7.48778356236722,-0.269487784943148,0.81775415500164,0.802578706954645,0.8067560140859,2.39639959611638,12.2558237863106,0.971006689468003,0.806684929057727
49,"Global","all",12810.0629650082,111.456132972272,-111456.132972272,6636,31.5086331908347,0.00461912201740298,0.518030240610587,1.00834858366315,0.0187420396691119,7.3412696098264,-0.267585589799934,0.781354428208677,0.79351956742571,0.820549395501622,2.27801194216386,11.8654910953874,0.943161120122211,0.750746565554358
490,"Global","all",12932.781387394,95.8284403523987,-95828.4403523987,6636,32.7397957051008,0.0043709428649516,0.513114681306559,1.01040778651266,0.0147026310772721,7.23621732633728,-0.267388868062996,0.783885072073922,0.796392426861293,0.813906649140655,2.13022049262207,10.1067735495211,0.955177353016237,0.77778596541556
491,"Global","all",12722.3894701703,119.250012847137,-119250.012847137,6636,35.4293114811866,0.00425171509196873,0.52160012987805,1.04533383114584,0.0117146296083266,8.43584023330998,-0.242794702039228,0.843702429128847,0.806664358880853,0.834318541058355,2.51129050525461,13.6703592038828,1.01635438317501,0.859915654228029
492,"Global","all",12742.9692724292,113.240047639436,-113240.047639436,6636,34.0123685717988,0.00398781459445177,0.520757749479767,1.03328468747304,0.015195244122375,9.63724678117437,-0.249462836265469,0.807939783275797,0.80274112986911,0.834137342860606,2.24641018196716,12.2737514729572,0.987924191287689,0.813533340149353
493,"Global","all",13348.8171884934,214.972055433612,-214972.055433612,6636,37.1459258515839,0.00457482053925577,0.497122696812438,1.00913968959476,0.0124877952465819,9.15689525585608,-0.274965035750182,0.802100459664024,0.808248124062499,0.803930989381081,2.59872482233864,16.3848061672526,0.997652527523325,0.86340593248417
494,"Global","all",13004.6641898882,164.253177862955,-164253.177862955,6636,34.815102153837,0.00440674754677725,0.510278458797871,1.01884870100101,0.00830772859386966,12.4793084384369,-0.260929242589768,0.824347321740237,0.798667970409822,0.821203123085785,3.18970679090645,25.2410459756876,0.983496892658285,0.827132903420738
495,"Global","all",12587.5181928914,90.5337031831494,-90533.7031831494,6636,33.9642715727506,0.00422190814872302,0.527188910340372,1.05128648315292,0.0161010966895261,8.45706807415121,-0.235732889779391,0.834878277988156,0.806549732801599,0.84451421016111,2.33315818118167,12.3143164568088,1.00209756114137,0.824507070932501
496,"Global","all",12234.0199380412,84.390116152758,-84390.116152758,6636,31.4361652660582,0.00368102117860561,0.542421872255222,1.04490638653687,0.0220437833614634,8.98304269057686,-0.228352238436376,0.810591023615906,0.78630568755627,0.842296788626032,2.39371160137911,13.5131880877622,0.987982460042502,0.787571765695352
497,"Global","all",12473.5419782217,88.6844190312091,-88684.4190312091,6636,31.2135476240529,0.00389880270143598,0.532006066246956,1.03483536258983,0.0164010936892625,9.50042787063858,-0.248679398465206,0.837019582919184,0.79537481232786,0.82610862528207,2.61639486950494,15.259620737126,0.963028640643468,0.758647884588192
498,"Global","all",12706.0551849453,111.86982791723,-111869.82791723,6636,32.1815334420096,0.00438534652502613,0.522270673581101,1.02977360270854,0.0122728660611165,9.58165695371714,-0.257798028170716,0.853362091428865,0.798605179546748,0.817991547717399,2.81145280803593,16.9888878819539,0.965800341616846,0.77845173487439
499,"Global","all",13194.0494301359,131.241660765465,-131241.660765465,6636,37.7267368242288,0.0042526692776519,0.502954004768471,1.02918247825436,0.0101311727918026,9.83990528758389,-0.25967226017852,0.83616953375748,0.813399126168413,0.822536368828832,2.89474682033633,19.7215860768578,1.02095922612626,0.894400207632936
5,"Global","all",12678.7943871609,111.07232835809,-111072.32835809,6636,31.6263182687109,0.00418814815050416,0.523393612780716,1.02413752531537,0.0137292827277904,10.7193751404114,-0.257097672016434,0.837437796719319,0.79480970286369,0.830488388904652,3.10843192920381,22.0691147373826,0.955226709657358,0.763295779202615
50,"Global","all",12751.9272865048,170.646116132335,-170646.116132335,6636,34.8379590571528,0.00418065097727925,0.52039192593443,1.04258624564321,0.0127102729328291,6.68084944139225,-0.236894729850787,0.788584637907394,0.804767320267841,0.855721638336922,1.84781875195494,8.04926283355343,1.00434007581158,0.844020475819092
500,"Global","all",12655.1765938335,136.775454260633,-136775.454260633,6636,34.9059596592025,0.00408741340480941,0.524370399006014,1.04525874828121,0.0136662448289645,7.79335656355982,-0.239582825968517,0.828163700303895,0.803492760655805,0.837191663737884,2.27748987636414,11.2180322663708,1.01175836345905,0.845478038725309
501,"Global","all",13006.1991970267,173.858327941814,-173858.327941814,6636,34.64434682217,0.00398749653255738,0.510218235125678,1.03024933445603,0.0141062448384532,9.71984456420237,-0.2580406682905,0.823725538226417,0.811588262930929,0.820804033096334,2.49984035371101,14.8414687449901,0.980287867492208,0.817288487005302
502,"Global","all",13217.7567638264,136.455929612648,-136455.929612648,6636,36.3640360578464,0.00415020791024475,0.50205190779127,1.02731164878846,0.00950695315710503,7.53720014022698,-0.261065123704395,0.810236522860687,0.81517431303976,0.829044440553856,2.22277600733231,11.0732612361855,0.992947375450077,0.850104649081808
503,"Global","all",12693.1770075416,155.584049522779,-155584.049522779,6636,34.5931465871539,0.00447126867392499,0.52280055624035,1.05531228470301,0.00918572088525865,9.45204253149846,-0.234359537980564,0.84591433186649,0.811928133788184,0.847928879216121,2.53245632948776,14.852552374414,1.00520442841251,0.838871735890099
504,"Global","all",12901.8136011846,181.326242319354,-181326.242319354,6636,37.4472402988926,0.00455664557386204,0.514346293097172,1.05273316689613,0.0099975864213031,10.9259720554871,-0.233982890415434,0.85003165826381,0.811475014781052,0.84422987087263,2.90533696765625,19.9905748221213,1.03610440823015,0.897135753785999
505,"Global","all",12587.9235194247,154.588681127511,-154588.681127511,6636,33.0174803883018,0.00451684239964977,0.527171935050279,1.04885077993158,0.00999770978909847,9.63844727571702,-0.240053604387488,0.87364249056545,0.801465206986156,0.837242998929576,2.95165518542866,18.480120729817,0.986982647085553,0.809038395431961
506,"Global","all",12742.1138172803,101.08739355724,-101087.39355724,6636,33.9758146625885,0.00408336947500931,0.520792711096369,1.04752714635239,0.019712110834879,9.65645020810356,-0.241284632603942,0.839539754413533,0.810544694261379,0.837495808254795,2.45262376181134,13.763113811574,0.988925721315364,0.815829066923244
507,"Global","all",12644.9819770316,113.609203125188,-113609.203125188,6636,30.6729275985437,0.00423940155291448,0.524793156056189,1.01716976357025,0.014579217139027,9.67061938506955,-0.261280205426388,0.818232445768946,0.788316779427589,0.814256574189482,2.65481560778224,15.8990078844538,0.945249520385427,0.745307346425743
508,"Global","all",13072.4586922254,214.739498321546,-214739.498321546,6636,36.4104089210139,0.00434045436050362,0.507632126154403,1.02757221088696,0.0077460216693925,13.8721887890013,-0.257298639346362,0.842699018615637,0.803451893833408,0.826899648342566,3.28868667884123,28.4837890568487,1.01046400843244,0.871329363127563
509,"Global","all",12866.973906554,153.193191937673,-153193.191937673,6636,34.3392336128378,0.00468886844710142,0.515738980135793,1.02448737319887,0.00853310177984876,7.79552513750595,-0.255647177974,0.801263126273216,0.799981786544663,0.829897385080191,2.27161621158131,11.6911888132941,0.986219939238662,0.820841865132662
51,"Global","all",12581.7541308699,109.340437370233,-109340.437370233,6636,34.2640455947089,0.00443573661658025,0.52743043068361,1.06812806904597,0.0120119028395748,12.4201069025599,-0.227984080334682,0.889995768403351,0.812427469887883,0.849602202874789,2.95118589960504,21.300877859304,1.00658093214836,0.831972484648619
510,"Global","all",12556.1476900789,92.6239241062775,-92623.9241062775,6636,32.6527631358445,0.00385186585330667,0.528506048494745,1.04460147210727,0.0144136695338402,13.3213035431937,-0.242722270863199,0.851466649561968,0.80327065338303,0.842433501574236,3.00904483707312,23.7609778222205,0.980783817061995,0.788333705030345
511,"Global","all",12948.7702582105,111.074158609193,-111074.158609193,6636,35.7248682819414,0.00430269586989815,0.512481098024911,1.04476737934993,0.0120735635611699,10.804427973446,-0.250875290523964,0.870472162188535,0.816864437775278,0.82464929673058,2.97771555027105,19.8209648659768,1.00298015601295,0.849324358387915
512,"Global","all",13071.5775465946,98.7812033949822,-98781.2033949822,6636,32.9098730120724,0.0044938510684267,0.50766634527053,1.00086453355093,0.0101233834538484,9.89224671756489,-0.278868485054641,0.775474336628199,0.800471528457833,0.814292726604512,2.26680674515768,13.1337427520904,0.948082635476966,0.772869208720696
513,"Global","all",12985.4526911777,137.620408640263,-137620.408640263,6636,32.3280174125686,0.00406973825096401,0.511033396972637,0.993597107735798,0.0159455133294835,9.71398014711565,-0.283242142960481,0.785469182417008,0.791174840871855,0.803783216356213,2.58260875686359,16.0013208085744,0.947144236219899,0.770513950794777
514,"Global","all",12827.660334072,105.061881262265,-105061.881262265,6636,33.6406589110914,0.00425921226519365,0.517319591194185,1.02697326249817,0.0143232161170471,10.0405356335626,-0.257823378229811,0.817887635218146,0.804673864766454,0.823626931556073,2.59629787711864,16.6595901581624,0.975440993258538,0.796297448925936
515,"Global","all",12739.4394144186,134.569106401297,-134569.106401297,6636,34.4627094096516,0.00436558125016045,0.520902041614899,1.03472771597958,0.0113838360650565,7.63856461917654,-0.247375742310179,0.815164241694423,0.802569645443553,0.844112514311608,2.40068429500887,12.9121338664736,0.997253873293508,0.827050059310437
516,"Global","all",13239.9737779638,102.422783297752,-102422.783297752,6636,38.5371449899808,0.00407014718768537,0.501209451868007,1.03447834534828,0.01237280405745,8.53894221752809,-0.25717757399123,0.848358476537164,0.814953814057669,0.834959653715464,2.67775109909062,14.9924130729034,1.0296517800619,0.903803385540281
517,"Global","all",12816.5805228593,87.2626780991294,-87262.6780991295,6636,34.0278110365757,0.00390352819243835,0.517766809030238,1.03972066667889,0.0130101581250705,9.64969387007844,-0.251955493966998,0.864962809224114,0.808071190438106,0.820875279056282,2.89155686874568,17.8980466633487,0.985388633659048,0.814333660739373
518,"Global","all",13025.0857315173,154.154598137803,-154154.598137803,6636,34.9133162952351,0.00415216171902458,0.509478412410186,1.02338675278819,0.00984297488109676,8.82662664500039,-0.26202971535685,0.820623074549412,0.804357212916287,0.810521134292026,2.51545465856385,14.4058967544608,0.985629620174353,0.828860477698472
519,"Global","all",12941.9148626618,118.862468505831,-118862.468505831,6636,33.1982964565948,0.00408991246255105,0.512752561766978,1.01048931230364,0.011431893934575,7.85166744007132,-0.272153967958359,0.797468169656555,0.799920459838702,0.800720664379914,2.30608347150325,12.1028036854957,0.962784622840072,0.786821665168299
52,"Global","all",13195.2625450682,134.748112572887,-134748.112572887,6636,34.127213645964,0.00427879579040539,0.50290776536919,1.01539432508656,0.0105815549635976,7.16177730829192,-0.273362380187183,0.797332232574014,0.814843426608065,0.807581689159131,2.14387642240155,10.3978223895684,0.958559161621494,0.796726153566656
520,"Global","all",12650.2162025976,92.0864519141265,-92086.4519141265,6636,31.3062353710853,0.00430873904589156,0.524576014648458,1.02251678296207,0.0122456913191292,9.63745655127882,-0.259292401005227,0.820068606876357,0.795097661705972,0.819060713684945,2.64875339666281,16.4537984167964,0.953480363450561,0.757631013746038
521,"Global","all",12639.5174714017,102.865816029185,-102865.816029185,6636,31.8066535019972,0.00390557287604515,0.525020042498828,1.04025746131747,0.016436809105897,10.2606553507942,-0.250813164772404,0.867732178269201,0.803647123904068,0.820810774726844,2.98577384296937,20.0091595098479,0.959824945895254,0.761408881194962
522,"Global","all",12678.2541629895,145.836979926968,-145836.979926968,6636,32.7024904102919,0.00403402444396533,0.523415914737837,1.03536789786182,0.0117718486030128,9.81152762436026,-0.24763412731687,0.823020816615542,0.800086909800332,0.833885334105697,2.46336024836733,14.094481233527,0.97213407428452,0.78746228271291
523,"Global","all",12833.679041861,108.651496244845,-108651.496244845,6636,30.889666660489,0.0043871640215655,0.517076979902228,1.00433627854751,0.012021115273473,8.67317086079185,-0.275809245012148,0.799123746766896,0.794654695550867,0.807017193895829,2.58205879544089,15.3632848599434,0.931162554382986,0.732363062580585
524,"Global","all",12570.5979049399,131.091973142805,-131091.973142805,6636,31.8282664008385,0.00400517168640279,0.527898517650638,1.02421426850413,0.0137076015472175,7.12625711912291,-0.250487435910539,0.790400491961961,0.790135566520103,0.821384077830987,2.17673774271385,10.7331149130014,0.966301900015369,0.770987402920611
525,"Global","all",12752.5072317862,121.769698372585,-121769.698372585,6636,33.4526890679477,0.00462162107514462,0.520368260090804,1.02106684812991,0.0129281175949195,11.0219689917338,-0.258185957017654,0.815536916961313,0.79564348532857,0.825968294201905,2.81127309106233,19.1792653571971,0.982273637748843,0.807879468243458
526,"Global","all",13038.7041448173,226.761762625885,-226761.762625885,6636,35.552477885768,0.00396664075976808,0.508946282260548,1.03247617447889,0.0125268232513024,10.7177878103228,-0.261525312831072,0.842865892948007,0.817001668211042,0.817425892810261,2.78535012224909,18.9535108443411,0.992047281609803,0.836858667493216
527,"Global","all",13043.3326074756,220.041765685627,-220041.765685627,6636,35.2318844233134,0.00441360859621338,0.508765681264362,1.03558911855941,0.00808267965924143,9.6639397287109,-0.251642899077532,0.837978070970081,0.807974828150941,0.836696394064025,2.66942363103604,15.9254828141469,0.98979150100626,0.839027060552176
528,"Global","all",12658.2265640165,144.556630870223,-144556.630870223,6636,33.3933843168678,0.00498998218626204,0.524244053180726,1.04035620496744,0.00859697406091542,10.5344116768806,-0.245347995807015,0.852643589883066,0.799606672948743,0.828772149524022,2.87183396609165,18.5911381872826,0.987882198873836,0.810412105364596
529,"Global","all",13081.2580305638,139.938457355341,-139938.457355341,6636,33.199616534226,0.00439061726499031,0.507290658474536,1.00349426173348,0.0163779976538153,8.78517215664384,-0.27925886131086,0.802697693730151,0.800003931501222,0.806573609538176,2.53432799621257,14.4812918819256,0.954673255923343,0.78514596231767
53,"Global","all",12983.3627695549,131.390560961012,-131390.560961012,6636,33.0178813790755,0.00423417625036378,0.511115657613835,1.01084402599867,0.0126116674432472,6.08555016930511,-0.268838847089122,0.7829503512684,0.798960655229792,0.804071256407682,2.03945071099273,9.22921164360271,0.957477616499942,0.781214404048582
530,"Global","all",13063.9729722988,147.536562306878,-147536.562306878,6636,36.3873215741833,0.00400030988315996,0.507961859234641,1.03312349965228,0.0118172375948172,9.665681599385,-0.256788806148233,0.833693215649175,0.81342368585278,0.818806475472098,2.57570075886163,15.2613623797782,1.00715113761125,0.863066011986867
531,"Global","all",13126.942102639,127.20843847904,-127208.43847904,6636,34.8748005804499,0.00364994198778233,0.505525197575597,1.00336491583757,0.0124084336593952,9.72214829680543,-0.274885899287745,0.792971504481734,0.797953447122074,0.821592382047047,2.64860164914186,16.6424449943743,0.978225934878545,0.821539346232221
532,"Global","all",12773.5366936312,120.824461253846,-120824.461253846,6636,33.6210674524664,0.00415111665851444,0.519511562002144,1.03908374866451,0.0102229506580532,10.7179466798686,-0.250720939918619,0.843233508721524,0.806676717491904,0.818390809624098,2.61148284631272,16.3898244891079,0.982587108660191,0.808420594499156
533,"Global","all",13059.0283200487,178.025136699907,-178025.136699907,6636,33.2792536203814,0.00401757610028401,0.508154193203805,1.01903853501464,0.00782355166232941,9.15959504106108,-0.266699885563765,0.81321779606479,0.805233471821857,0.820300425128372,2.46565361413147,14.191163627782,0.956052415730701,0.783256183883855
534,"Global","all",13082.6645319369,113.206373992605,-113206.373992605,6636,33.5053881115139,0.00413144225847573,0.507236120272017,1.01101368408591,0.0128276266876251,10.0986577229975,-0.274909132883733,0.816923593185818,0.805197619678882,0.80296119457645,2.78067591835497,18.185885866724,0.957023838834197,0.784341844534389
535,"Global","all",12955.4254640471,215.411504305305,-215411.504305305,6636,36.2929131808849,0.00437694060353153,0.512217836335496,1.05186242804542,0.0108114835258992,10.3205967646175,-0.236546543977174,0.833503617983102,0.814757822686652,0.83946122628198,2.50365554402531,15.4484769209121,1.01047313009735,0.860005154854384
536,"Global","all",12661.2365679087,105.308478114058,-105308.478114058,6636,33.9567349906997,0.00414475542062663,0.524119422649415,1.06533194465134,0.0117471527126791,6.73756100216955,-0.229397976968047,0.841176149118725,0.819755224232977,0.844133030265754,2.06441872452472,9.41715571128919,0.996453914020965,0.820993495805147
537,"Global","all",12863.7382473354,144.498787710873,-144498.787710873,6636,36.305606802032,0.00413521356379492,0.515868705690941,1.06473262861026,0.0130983719447838,8.97993646938743,-0.236676990889502,0.889999239259641,0.822134608778257,0.841261810810918,2.69978377311171,15.3922370790773,1.02050994784173,0.870171528163757
538,"Global","all",12936.2100985865,103.743547403279,-103743.547403279,6636,35.9919627061118,0.00385518278449103,0.512978681501557,1.04027659940831,0.0112436240446283,12.0129183186047,-0.249410375175066,0.845815151338712,0.811409799846129,0.827008700621112,2.79640784105378,19.1345956519744,1.00904619525341,0.856122825338398
539,"Global","all",13172.1350489941,206.183685352769,-206183.685352769,6636,33.5925009207875,0.00420954917225528,0.503790765530208,0.99592885242418,0.00953756313228587,13.2662760082011,-0.281652391095773,0.810162989851678,0.792342325267871,0.807501475952524,3.46805582229966,31.7597482046557,0.956256481123839,0.795994954522823
54,"Global","all",12656.3183143953,102.095778261351,-102095.778261351,6636,34.5222644866098,0.00426829974789051,0.524323095797317,1.04836754292184,0.0151107091219527,12.6316228086431,-0.239104337033285,0.853585146098426,0.804627253932286,0.838286381595703,3.00547854438107,23.4665593756471,1.00448296966308,0.833262933173735
540,"Global","all",12929.9676269064,127.984764063844,-127984.764063844,6636,32.417735446051,0.00421686459582626,0.513226342979462,0.998307043744409,0.0113345027219513,7.11215398547182,-0.276160216332012,0.780020049295912,0.788130024941806,0.792182644013345,2.3073829169389,11.8708763041806,0.953356078605986,0.77496974893186
541,"Global","all",12807.4877948541,90.3607941744584,-90360.7941744584,6636,30.7264448931141,0.0040830968505284,0.51813439968034,1.00228631583251,0.0127409564250263,12.0648898338374,-0.275713508399892,0.808667818868099,0.787516112579075,0.799418496052406,2.87889708144907,21.0876848061563,0.934561851386725,0.740214632915286
542,"Global","all",13479.7785627056,145.01326817567,-145013.26817567,6636,34.7805592054822,0.00421831859305775,0.492292953413926,0.98480460014493,0.0141504521584877,9.02081694333041,-0.30236075075959,0.796813432825716,0.806939560788558,0.794006144647643,2.6888469724411,16.3454992562068,0.950188815027384,0.798205014037401
543,"Global","all",13185.3957754325,112.927117350302,-112927.117350302,6636,34.3034426271396,0.00431291928793212,0.503284096512634,0.99410683374309,0.0106178101752642,6.73832468225167,-0.279453597756882,0.754730562488097,0.795055241981348,0.817997492659984,2.02585222760172,9.39676486097025,0.964160327582505,0.805059647693638
544,"Global","all",12982.8504909259,140.297051317893,-140297.051317893,6636,35.1221779555797,0.00417451692645886,0.511135825267196,1.02089633834586,0.0109065941117759,9.02110804653259,-0.260676360635799,0.796094795384226,0.804393979830979,0.823464692489263,2.28231758418685,12.4508186071242,0.988899314526492,0.829782989447752
545,"Global","all",12896.4645591257,145.426909919672,-145426.909919672,6636,35.8652360815579,0.00477270047498,0.514559627530185,1.04984937458041,0.010526005995862,11.3854660316963,-0.243292041714317,0.847768140593687,0.81688046422579,0.841769688853625,2.64064556568381,17.5759365049692,1.01054718319715,0.856200398570229
546,"Global","all",12484.1303478102,91.6150757843311,-91615.0757843311,6636,31.7881386547045,0.00427307067630637,0.531554847243643,1.03698196189737,0.014997582193662,7.95971581041127,-0.242953357213566,0.816544385281146,0.793814057967162,0.824382672720366,2.29908163276636,11.9202680489339,0.973780643039207,0.778415530351698
547,"Global","all",13218.5102487555,135.255140728106,-135255.140728106,6636,37.0174431016984,0.00392638321142097,0.502023289698984,1.02546974640838,0.0171063714264802,8.17904540408515,-0.265092941409987,0.807646036405809,0.82008116538042,0.817075605245915,2.29196368317316,12.4025122045042,1.00163444831441,0.857676996086575
548,"Global","all",12888.0479501212,125.459783058942,-125459.783058942,6636,33.5279756655785,0.00408327860018234,0.514895663461399,1.03401763952947,0.0121768583435838,15.7225434435392,-0.258834394910481,0.86129291531438,0.811565088053577,0.825230381202947,3.49428840444499,35.3555798961646,0.968405282687317,0.788105216528116
549,"Global","all",12545.9826435753,128.927829419266,-128927.829419266,6636,32.1787930332391,0.0042289055103996,0.52893425636917,1.04707569176019,0.0181539341842238,11.3266440418481,-0.243770170998661,0.873445154407783,0.804404073562385,0.833972575317524,3.14917917261371,22.9701885906994,0.97270629944281,0.776181783427833
55,"Global","all",12966.3381292696,125.040157942416,-125040.157942416,6636,33.1125610537076,0.00395123747659689,0.511786746099131,1.01676196920036,0.0102901959693588,7.05973249264071,-0.269617431077527,0.810733152401746,0.802955818810134,0.8106764148594,2.25592277519562,11.1191834799365,0.960529491291827,0.787231003664345
550,"Global","all",12571.7163517023,87.8746954094828,-87874.6954094828,6636,30.0947108024076,0.0035772875636209,0.527851552990331,1.02345599414564,0.0123859297012857,11.4599766256433,-0.25987232536113,0.84227687489078,0.793531817364375,0.812637068844662,3.19494618243113,24.6111242854572,0.938379037517209,0.727445658327621
551,"Global","all",12848.0657363841,104.9685835416,-104968.5835416,6636,33.0048036749135,0.00412935213745545,0.516497980019487,1.01696210920248,0.0144770692249878,12.0427703624757,-0.267023686401064,0.84127031277163,0.797906796021071,0.810393316052297,3.33667292996141,27.2647735161376,0.965657866448389,0.788597528542347
552,"Global","all",12732.245696309,88.3546364802383,-88354.6364802383,6636,33.399625813053,0.00462330225944354,0.521196351239418,1.03597293644494,0.0147458716057441,9.13446014083509,-0.251877828136802,0.847931271155356,0.803626614320803,0.826239676486713,2.7607056879733,16.8274285732853,0.982124599117662,0.805926350647214
553,"Global","all",13140.6976947992,131.222212382858,-131222.212382858,6636,34.3751570175871,0.00421391116394977,0.504996017268276,1.02597992672913,0.0144351920883647,8.90178857485424,-0.272140842106825,0.853865874642809,0.818317638790243,0.806792354046008,2.72112716130056,16.0279359142139,0.965408788807058,0.799945643331279
554,"Global","all",13009.393377166,113.936352383766,-113936.352383766,6636,34.5614054090439,0.00422876919815915,0.510092961878411,1.02742053880398,0.0101982867266338,7.14225468741291,-0.256016061471721,0.799766268791921,0.806581062951536,0.823039826066199,2.16093156285021,10.8273235965869,0.983496159077729,0.826391119671351
555,"Global","all",13534.2447260093,209.125171637768,-209125.171637768,6636,38.7964374709123,0.00391197955134644,0.490311807887391,1.02603219402133,0.00825281506539922,9.63640787451103,-0.265280639943141,0.801357163512203,0.825868962314945,0.824274629344361,2.20281436426196,12.2782317776894,1.00826829791885,0.885118137553737
556,"Global","all",12447.3704349425,146.419804244759,-146419.804244759,6636,32.5934646738487,0.00457341197943775,0.533124649473862,1.04911761249405,0.0101593745705959,11.6489027714587,-0.23667544564154,0.84031166682289,0.800921514433548,0.846273036359984,2.71823472129992,19.3878346244291,0.99010167635842,0.798847771991961
557,"Global","all",12657.0848104382,165.226190623918,-165226.190623918,6636,31.7820803207971,0.00462030339015358,0.52429134349541,1.03671149377657,0.00754567492621594,8.7673993112741,-0.248350824980553,0.822875751725009,0.802008082505071,0.821264138858594,2.42387383554537,14.0524172768146,0.960694555522607,0.769546488817004
558,"Global","all",12697.6851182314,138.350210566497,-138350.210566497,6636,28.5571162827949,0.00429583482046201,0.522614944236726,0.992441791333391,0.0166202594441939,8.27015670612285,-0.281268504568418,0.774587884943522,0.782772812290828,0.796828237442865,2.29072356705194,11.9442715704333,0.902975134848972,0.679553014452568
559,"Global","all",12911.958341542,123.793213664117,-123793.213664117,6636,34.9268463783483,0.00407487267868774,0.513942178596552,1.01706273639408,0.012217431788211,8.54036367964988,-0.262612847549061,0.79184582112586,0.79925030146423,0.823921059373273,2.28041735858972,12.5999382515825,0.993756514532571,0.833242241199516
56,"Global","all",13337.7274830318,146.28217587844,-146282.17587844,6636,35.6298180188368,0.00464025041467319,0.49753603141482,1.00623564993902,0.0110963782234412,12.4574971250833,-0.278664873592273,0.820419119453786,0.805967976178249,0.806694251022454,3.12471577264411,24.3810483499308,0.974360128990329,0.829752633782075
560,"Global","all",13368.2723693296,153.560069385844,-153560.069385844,6636,34.0793352033258,0.00476056868557969,0.496399221729263,0.989779036914287,0.0098712389062385,7.59953476538034,-0.291651074248826,0.780245713880759,0.800910539916723,0.793279652252232,2.36605981811984,12.8511436151041,0.947753479431051,0.789167141375643
561,"Global","all",12898.8861562867,138.084059683145,-138084.059683145,6636,34.5143330543779,0.00382246784678232,0.514463025690455,1.04496411357817,0.0115974141958411,8.80369170794214,-0.251875743205706,0.870422722131199,0.815178840420034,0.828469926023207,2.68592999022319,14.8689104213705,0.98927771720838,0.82805284729709
562,"Global","all",13122.1480120635,133.527713078944,-133527.713078944,6636,34.642983728022,0.00440642948488286,0.50570988788569,1.01208747030406,0.00995632313099495,7.8982777519679,-0.269210036218936,0.790740963014551,0.802383519570084,0.813322105760069,2.22394791859573,11.3838011649719,0.974929734705713,0.816114030699333
563,"Global","all",13031.8481707254,138.611518396157,-138611.518396157,6636,33.0946250097331,0.00466851248586045,0.509214035727264,1.01477236077629,0.0119662076852742,10.0603187989979,-0.273049266237777,0.845508614731297,0.801899371217199,0.804495835249256,2.95390319010113,18.7712396270003,0.952841543691884,0.779552660408544
564,"Global","all",12894.1125121688,113.529058536047,-113529.058536047,6636,33.6764332470055,0.00409050314892635,0.514653489624608,1.02879689037415,0.0157562068521931,10.1793622313206,-0.259356833718122,0.844934193088376,0.805192638053815,0.809500916898569,2.78831356265025,17.0934134027912,0.974579931838002,0.805358324382787
565,"Global","all",13096.5192500779,134.974636100935,-134974.636100935,6636,33.457649897357,0.00406151407912335,0.506699518649625,1.02215301799268,0.0115862916930689,8.86142214034522,-0.267819333683214,0.821122584941593,0.810628970623166,0.813922111982646,2.37988917692189,12.7250408988032,0.957442321683203,0.789248802294003
566,"Global","all",12937.0117922342,107.455986760173,-107455.986760173,6636,31.376650108347,0.00440352149041986,0.512946892727072,1.00080334689821,0.0120610375823263,14.2010718618863,-0.279088381270109,0.823126868068058,0.790675465408032,0.798476835444265,3.57870761312108,34.4696511449188,0.934699537298308,0.746291750294988
567,"Global","all",12960.4111654709,134.508232383731,-134508.232383731,6636,33.0913897155737,0.00421949996580835,0.512020792803208,1.01929932270583,0.0133832587572816,10.0754505695386,-0.266692365984036,0.82854775231048,0.803080179960856,0.81277358046855,2.71804690631121,16.8107594621378,0.958122896078745,0.783566912623483
568,"Global","all",12982.5990692406,96.3021838453561,-96302.1838453561,6636,36.6938875251666,0.00478151533319596,0.511145723950033,1.06496211362646,0.0157656323560424,12.5247952916779,-0.240556967107218,0.904340861143274,0.829429972128507,0.849134528331547,3.13598281710393,22.8675585295004,1.01519516367767,0.86412451568781
569,"Global","all",12828.6266232017,83.042282574717,-83042.282574717,6636,32.2889766363748,0.00399935569747679,0.517280625191647,1.02922984860734,0.0163124148922198,9.99454917428009,-0.25674293999144,0.827617291231693,0.803780824907113,0.821670815087292,2.5941616246216,16.0513456094925,0.956677315467797,0.772848810496534
57,"Global","all",12610.9855350358,121.350630597118,-121350.630597118,6636,32.3289269772154,0.0038804914238018,0.526207882925876,1.03275144159498,0.00997371922335146,9.23993439993787,-0.248072037381497,0.813874438138161,0.795564685976964,0.832293992043976,2.37101451932175,13.493090971839,0.975932506266642,0.791482848675733
570,"Global","all",13183.3732552527,125.098653343619,-125098.653343619,6636,33.7550374859688,0.00456850473878145,0.503361307573993,1.01196888281494,0.0102393373028134,10.8540884550668,-0.277501495033942,0.818360344654316,0.809839886044559,0.80986252624933,2.65277028163908,17.2396737926458,0.954952526273902,0.791162774686294
571,"Global","all",12857.6165110584,130.226009715805,-130226.009715805,6636,33.4666789410855,0.00401007892705909,0.516114319811341,1.03102515006151,0.0123017545251265,10.1410285742566,-0.257877087343205,0.841132297643571,0.806326640506726,0.812998078997829,2.72616648406472,17.3775425860695,0.974047101580423,0.800601512792153
572,"Global","all",12804.1666344156,145.829211284667,-145829.211284667,6636,33.5954861750007,0.00447776622405325,0.518268794016121,1.02983879580755,0.01182714960674,9.72592922452179,-0.24737985636729,0.803665098817307,0.797421540998341,0.831745265032825,2.54853653576902,16.1385384391148,0.982478193575234,0.815266178755787
573,"Global","all",12706.5496136123,142.692519245247,-142692.519245247,6636,32.6200204464505,0.00431828090272327,0.522250351337783,1.02327339480705,0.0125729928486178,10.8576676597982,-0.252372040968096,0.800529609787973,0.793011745626256,0.836710048120931,2.65527482482364,17.8598528342887,0.971900510115404,0.791883902289362
574,"Global","all",12598.0011612541,110.640983997035,-110640.983997035,6636,29.5375530817808,0.00417719773385444,0.526750229267279,0.993448008015299,0.0111489713468255,8.04691735810507,-0.272426474620358,0.760159755518378,0.774264484492501,0.811630027884283,2.28469965747947,11.9905131024065,0.929632780586694,0.723026810198957
575,"Global","all",13000.911830197,155.881264666244,-155881.264666244,6636,33.9768689055791,0.00380942730911231,0.510425736799987,1.0181664175874,0.0106640099481415,9.39512043818327,-0.270868342258193,0.82401034696179,0.806192321822056,0.80487291761238,2.46164935318885,13.6103557591867,0.973717727201204,0.810194447429873
576,"Global","all",12416.7692527607,77.8491669057465,-77849.1669057465,6636,30.1543160397922,0.00355865822409233,0.534438537506408,1.03077058800359,0.0175126093187004,10.140519029661,-0.253008537332392,0.860474162251135,0.789016259344291,0.811235527938055,3.00473067885179,19.1264453717582,0.952849978932834,0.740816264181199
577,"Global","all",13221.2393879444,139.743213004358,-139743.213004358,6636,35.1248119829571,0.0041807872895197,0.501919661635573,1.00264865289805,0.00918543827684634,10.140863115889,-0.279048478331594,0.814453558380416,0.797587289493374,0.794024325927598,2.88394415721152,19.1714411534477,0.978103679131365,0.831021531531178
578,"Global","all",12917.2614752929,113.287675370541,-113287.675370541,6636,31.7944792966775,0.00432736838542013,0.513731181542834,0.997338631394402,0.0166829348847371,8.49872095103949,-0.283557977961378,0.797205832663014,0.79314530150634,0.794754894083605,2.52854146586426,14.8919485585566,0.941142012897065,0.75287009914998
579,"Global","all",12678.1494501324,127.028823704411,-127028.823704411,6636,31.136147528107,0.00407519074058213,0.523420237795877,1.0133045526076,0.0103559976228058,10.0436560265305,-0.266275128335215,0.826738388244674,0.787226557830504,0.817854911634377,2.77150575422084,16.6442066829092,0.950208840614759,0.756621701541486
58,"Global","all",12836.1629065412,127.689100342685,-127689.100342685,6636,33.4096628310983,0.0042289055103996,0.516976922801311,1.0189866307814,0.013002959144938,8.2562611865849,-0.257663484388393,0.79883636854308,0.793149174988709,0.82521674399428,2.38992032246218,13.1024870394817,0.977374382825183,0.808452245610396
580,"Global","all",12885.015597928,121.901359004448,-121901.359004448,6636,31.952645591143,0.00415888645622026,0.515016838712021,1.01112326690043,0.0140127326631841,10.0802765735137,-0.270900093263795,0.826159151079764,0.795064114266796,0.80131021374851,2.88397428474711,18.7778780846939,0.947669626811747,0.763942498508573
581,"Global","all",13008.2056194237,96.7393038612489,-96739.3038612489,6636,35.4937562705008,0.00475402569803794,0.51013953762317,1.03326169877089,0.0116821153713187,14.7285045542904,-0.260604025963248,0.875130249233702,0.81264592912287,0.819410883294116,3.61302308046114,32.8268743271442,0.995515498765278,0.838303360277376
582,"Global","all",13023.4609033104,130.412798470445,-130412.798470445,6636,34.0394434384707,0.00396091564566905,0.509541975767226,1.00612028161386,0.0114277690605809,7.30414173886322,-0.272197985115101,0.778174809278387,0.797602672091562,0.810900898502896,2.15966717797514,10.8562803849738,0.972143858579598,0.80544368626875
583,"Global","all",13012.140785551,143.826800822786,-143826.800822786,6636,34.6929709152369,0.00407782611056422,0.50998525987121,1.00131639734698,0.0117629053815471,8.51285840803459,-0.273131940793921,0.774836377411322,0.792167407299989,0.816646808926331,2.32649964307174,12.872955831967,0.981566445132685,0.821190475991779
584,"Global","all",13104.3632713317,104.753394905812,-104753.394905812,6636,32.7913457739938,0.00426493737929267,0.506396218007592,1.01844360842112,0.0144388377863414,10.1809933686715,-0.277007878506803,0.8579536673104,0.811100906489616,0.80768425761726,2.93068608860179,18.4822333122373,0.94439347069348,0.769877122737135
585,"Global","all",12888.2585352033,108.992572519092,-108992.572519092,6636,33.8670033883502,0.00396718600872989,0.514887250428309,1.0263089030745,0.0117166180822794,9.63865233003243,-0.264823479062214,0.84024305445011,0.808538218013454,0.815094367878274,2.64342168255527,15.4823446285929,0.975717882839462,0.800106183517982
586,"Global","all",12988.0234747235,160.631204899968,-160631.204899968,6636,31.8315065804538,0.00401707628873568,0.510932245611857,0.997862149152986,0.012988344296933,7.60763802046117,-0.279129579824779,0.780591309494345,0.792966402731853,0.810722171449658,2.29461597599511,11.5781646359466,0.93803224612768,0.752920377961139
587,"Global","all",13506.0287236295,109.116581888323,-109116.581888323,6636,31.9256340070375,0.00461630489776696,0.491336138534192,0.955585404915568,0.0117028757490633,6.25335293585855,-0.322421400366991,0.737215212002174,0.793451986673465,0.776566416669079,2.05650951890129,9.30785313648326,0.904949233672443,0.730330527242486
588,"Global","all",13042.9068490681,200.678879304888,-200678.879304888,6636,35.23504069382,0.00405733383708279,0.508782288855654,1.01426575977091,0.00675922429321458,6.681488441388,-0.262518053141677,0.767583484485736,0.800656819129197,0.818583970961936,1.92395089605804,8.85593709789935,0.991365183671728,0.84230653288086
589,"Global","all",12684.5926275808,115.379888897252,-115379.888897252,6636,34.7213568710279,0.00409091208564771,0.523154364892334,1.04258803601913,0.0130879750474537,15.2032308052307,-0.242413575075739,0.863572894247849,0.80158231560007,0.8320233337838,3.73684947421592,37.6166280529876,1.00594861892757,0.84202347911744
59,"Global","all",13317.6827275222,74.9377774510007,-74937.7774510007,6636,33.193195845616,0.00392152140817814,0.498284884523196,0.992452785877303,0.0146962340290327,8.71969818613187,-0.301003644781075,0.818394296495016,0.808787452265697,0.776314899544028,2.53884289491384,13.9451396231478,0.933334245976486,0.757702397234297
590,"Global","all",12835.8066070195,232.992093818668,-232992.093818668,6636,34.6766596176536,0.00448967082638614,0.516991273175696,1.0261529630847,0.00812710176412169,9.66088093003883,-0.256696301335004,0.824476714382026,0.800811184787164,0.827275163699762,2.78001332750749,18.06873181222,0.996254563722053,0.83510831344497
591,"Global","all",13121.1178125078,108.63023490764,-108630.23490764,6636,33.5603130484146,0.00430133274749362,0.505749593504462,1.03181046489358,0.0171259361840199,22.1996207701791,-0.275184212052244,0.952406447039523,0.821260836198194,0.80536614096113,5.8376942727477,90.7207969316762,0.952190865973542,0.774375705967925
592,"Global","all",13036.7786323947,148.427773108237,-148427.773108237,6636,36.9842396410032,0.0042900642689495,0.509021452854192,1.04636705908948,0.0101215982068756,11.0087510054232,-0.243318142163724,0.837671452394149,0.81545463600117,0.846869032609151,2.6643473767544,17.9103676514701,1.01757696530679,0.876076389514622
593,"Global","all",13155.0043536467,100.260736357212,-100260.736357212,6636,31.3205857797052,0.00398118073208306,0.504446811388582,0.986432917912049,0.0106868974211331,7.25097586088412,-0.293927742686266,0.772526367821139,0.795881712195852,0.792077082741343,2.22983846146356,11.4529373271044,0.917634389751345,0.729923429565586
594,"Global","all",13194.6559106843,161.271789545764,-161271.789545764,6636,36.6041956568176,0.0042744337987109,0.502930886937837,1.02945501258084,0.0111618775593497,6.83802257564111,-0.258497712599281,0.817646997665576,0.811610608944425,0.829598181622671,2.22588699238911,10.5961569954445,1.00581644596266,0.871527386746101
595,"Global","all",12968.4448728414,94.9595192538806,-94959.5192538806,6636,33.4697250768224,0.00440265817956366,0.511703605564701,1.01196585268191,0.0174001004449979,7.73896855507784,-0.26828604128554,0.782733017633152,0.802857589247568,0.820326216241215,2.18729883442164,11.2219718703126,0.965260758982722,0.791115727084748
596,"Global","all",12943.9018805974,91.1242175891415,-91124.2175891415,6636,30.0469657355693,0.00413262363122632,0.512673849138738,0.969397343103334,0.0198398406076687,9.7296369938244,-0.29881188403319,0.747889639345109,0.777846478208367,0.789899138407314,2.53645707711282,16.2411509195743,0.910957122175238,0.70794356968361
597,"Global","all",12939.3331518107,114.310623748609,-114310.623748609,6636,32.6230167521058,0.00372732190294614,0.512854868341606,1.00636100727004,0.0103388754983094,7.1432361130041,-0.271004241771949,0.773472658299421,0.797216077279605,0.820898136443676,2.11801983933717,10.3968298009443,0.95448325265276,0.775675580025917
598,"Global","all",12685.6345493101,135.195020698082,-135195.020698082,6636,31.7100577474305,0.00361113843666672,0.523111396139099,1.01354882536313,0.0142862532631729,7.61078166108782,-0.26089290436458,0.78490538363683,0.79036109544197,0.816871798870875,2.27028779427147,11.6497033419164,0.955093878973553,0.756901231381465
599,"Global","all",13364.6110040664,153.352377584285,-153352.377584285,6636,37.8722267577413,0.00428288515761898,0.496535215127539,1.01043337605299,0.0098823793493188,8.9218491002019,-0.269709062473059,0.792919107221355,0.806600239530735,0.819641255210678,2.50425379561655,14.6803424290749,1.01162298277413,0.88735126734348
6,"Global","all",13317.0933765714,163.120301948358,-163120.301948358,6636,36.7608588907229,0.00490265147754517,0.498306936232393,1.01930206864055,0.0100938987744626,8.49915221787051,-0.265971549400735,0.792839518844088,0.812625945211783,0.827286509350455,2.12198275182235,10.7453222648948,0.994025557911559,0.855559355947879
60,"Global","all",13167.2161359052,139.03940294784,-139039.40294784,6636,32.422987713647,0.0041271711416082,0.503978968029892,1.00255121761148,0.0129652061579421,11.5835410004375,-0.288206932272105,0.848259329027101,0.803017795220912,0.788394848326484,3.1710354280274,22.5052733134715,0.933459042285838,0.756676009205351
600,"Global","all",12757.9019951122,160.681562400814,-160681.562400814,6636,34.2666443692182,0.00389534945801117,0.520148218926778,1.03185453862497,0.00920803982794974,7.58094467298913,-0.246695762633126,0.797983425364833,0.798344515354237,0.831831379843744,2.11307743142146,10.1416132739651,0.998121405388768,0.836104430617243
601,"Global","all",12822.2703087797,97.9266496777441,-97926.6496777441,6636,31.5986639492127,0.00426566437790842,0.517537053906611,1.01788442422625,0.0133774221855268,8.3525687982149,-0.265390571419696,0.824423588771695,0.795887619804191,0.802916942855491,2.55972794508277,14.1649190314001,0.945920140668843,0.756667490510576
602,"Global","all",12756.9981421414,114.73395704463,-114733.95704463,6636,34.509915810118,0.00395228253710703,0.520185072229388,1.04907147435993,0.0133727918028653,10.3077488168536,-0.24045201206726,0.861787985657003,0.80865792134594,0.832550918070123,2.90066776154546,18.7589813097473,0.996656056153347,0.831443488633024
603,"Global","all",12423.127865117,79.8228237289181,-79822.8237289181,6636,28.3634460988934,0.00357724212620741,0.534164992266822,1.01545194383756,0.0194090038699327,6.97966360050866,-0.256520042641685,0.777516876733846,0.783789467714746,0.829645423038277,2.10080848424315,10.1627312035546,0.921316425951258,0.693094505371947
604,"Global","all",12727.6511639974,185.516407806782,-185516.407806781,6636,32.5681116220948,0.00396704969648944,0.52138449698961,1.02426016370203,0.007589483183085,10.0248483218997,-0.259506973841234,0.812848691038698,0.799751670861019,0.819967169795334,2.43870615705643,14.3470413722661,0.967800656556813,0.784758790076002
605,"Global","all",12782.80532158,112.374967959448,-112374.967959448,6636,32.2361298544579,0.00447940197093868,0.519134871654276,1.02835575696899,0.0171385135516211,7.83123201770656,-0.260160857448141,0.826125120264213,0.804927013532854,0.821449585769636,2.28129994893467,11.2103426247639,0.959557567279321,0.773459208978301
606,"Global","all",13388.1258884129,160.867448094248,-160867.448094248,6636,35.2701757158709,0.00470558941526365,0.495663101416102,1.00471772369687,0.0120673339946704,7.40075761568988,-0.282624987721127,0.794133977196213,0.812458047150738,0.801374381595328,2.24291561769223,11.1630654717263,0.963645150385169,0.813458905950305
607,"Global","all",13090.9214743074,138.42813353039,-138428.13353039,6636,35.1188883366503,0.00391943128715786,0.506916187147253,1.01015932937826,0.0114136512129405,8.05805751453709,-0.267771355377274,0.779290467414649,0.799159384908735,0.806095644467699,2.12513920814097,10.4545790392436,0.986790523999178,0.834813267028391
608,"Global","all",13094.9100005318,154.680542215614,-154680.542215614,6636,33.5701245746968,0.0041410749901344,0.506761787574754,1.00762758586214,0.0135072037180031,10.9447168335648,-0.27098214046296,0.802239243098656,0.798748827268593,0.810144192786519,2.82540344455752,19.5294807718819,0.959196021875085,0.795240812398797
609,"Global","all",13064.2818973079,139.884225181592,-139884.225181592,6636,34.3360307049962,0.00396432345168038,0.507949847696368,1.01461704459121,0.013316557072144,9.95908359509705,-0.268768447724463,0.799659616326916,0.80521969467962,0.811668261517908,2.46080284711563,15.1471690621675,0.97446877453122,0.81350815886279
61,"Global","all",13160.1224793342,106.313873271961,-106313.873271961,6636,33.1567923716405,0.00444037123275565,0.50425062611847,1.01595825430494,0.0139860946926879,10.9806888431462,-0.273972027106146,0.834618317037817,0.80750555523479,0.808046193170106,2.90488915280083,20.213184773775,0.948022588612267,0.778717266074877
610,"Global","all",13161.0661400494,120.848352849146,-120848.352849146,6636,33.291710714279,0.00445118533716492,0.504214470878349,0.993745089815401,0.0151275974729427,7.5559685333903,-0.283351147985218,0.766581060552086,0.797997398699284,0.808578529177534,2.22787250334,11.5768885080059,0.946450290828449,0.77498932052781
611,"Global","all",13269.7572079647,162.845435792032,-162845.435792032,6636,31.0131058231235,0.00485953137214855,0.500084507651504,0.982064929072109,0.0175096243027317,8.85532060299458,-0.3057643424794,0.79560939880878,0.800761529197636,0.769251289231645,2.43698599950516,13.1662555383145,0.906830393611982,0.723384334518712
612,"Global","all",13084.5638180839,138.731810130163,-138731.810130163,6636,32.7543687642014,0.0040593330832761,0.507162492556955,0.996253598469225,0.0111497345279327,7.60351109850006,-0.280567945358418,0.778568038743243,0.792390893207896,0.800351879331466,2.22828864982696,11.0325287413602,0.945950115521392,0.773457939848627
613,"Global","all",13062.6074753167,131.727155254476,-131727.155254476,6636,36.0723542764882,0.00444173435516018,0.50801495892298,1.03760126128864,0.00995950884534036,12.4025838467719,-0.253560825249064,0.865866943372652,0.812323933712511,0.827124985716124,3.41217216949864,28.0025517053319,1.00194250797819,0.855572285720043
614,"Global","all",13194.7512675141,171.088347145958,-171088.347145958,6636,34.1913807865104,0.00440547529919969,0.50292725231873,1.00305113059546,0.00879943994020777,10.7902977871159,-0.279301816521201,0.811702262943889,0.799843099493552,0.807704941422775,2.94697152759373,21.3821864714639,0.963344672552795,0.805561090399606
615,"Global","all",13060.5460973099,129.116833234353,-129116.833234353,6636,34.4529125188918,0.00427634217007724,0.508095140169279,1.02368285997373,0.0131538738950481,10.4838957818954,-0.26219193331423,0.797836629528236,0.811692948262528,0.828059064640205,2.27047970855562,13.7018531281153,0.973704340088967,0.809994376953172
616,"Global","all",13043.9163651223,160.067302876841,-160067.302876841,6636,35.1943161090674,0.0045558731378328,0.508742912346767,1.02264109986765,0.0112703082633145,8.14916602695473,-0.262781335047937,0.814148999275885,0.806243593669295,0.819866758807412,2.37923804786591,12.6677050401524,0.98885414438392,0.83081003018499
617,"Global","all",13018.0914604139,143.641615443638,-143641.615443638,6636,34.7059384215987,0.00374740523970621,0.509752141485493,1.02702423745771,0.0139133686369848,8.74588448899201,-0.263502375385803,0.834147637985155,0.8096863960445,0.81526934562531,2.47021515964093,13.2777087324399,0.984150424322457,0.825498335494154
618,"Global","all",12559.9901510604,109.732968003959,-109732.968003959,6636,31.0476358717116,0.00469931905220282,0.528344363346477,1.02558126091232,0.0110423238534186,8.41296813721507,-0.250310099299703,0.802510302887974,0.788669057473093,0.819908489625058,2.34929599054592,12.7818167116625,0.958195005206581,0.763462159375752
619,"Global","all",12909.1687629985,119.382200549254,-119382.200549254,6636,32.8367919770452,0.00412548995730928,0.514053237805732,1.00833585445204,0.011007288934843,9.67557790557495,-0.27054075384069,0.798186097871935,0.796388741229557,0.827572849807377,2.61942598290347,16.2169465344083,0.959611938602902,0.78287521706962
62,"Global","all",12653.9350152128,96.4071911880584,-96407.1911880584,6636,30.4843561354956,0.00402643639591345,0.524421849173562,1.00678364306779,0.0142980816972345,9.87848165857976,-0.26518061188235,0.7728140349798,0.787559595897514,0.818936805915172,2.39478300534305,14.7983875558987,0.937032603174336,0.731391206220591
620,"Global","all",13101.5376393115,125.194292200388,-125194.292200388,6636,35.2328343116089,0.00353475814459957,0.506505433384285,1.03730872350588,0.0141162559588272,11.2055224007128,-0.260121364458358,0.862004885248662,0.819317926137233,0.825883404303143,2.80217874989342,17.8102997908015,0.98467421038843,0.828555117958445
621,"Global","all",13051.8234325409,136.609205184295,-136609.205184295,6636,33.7096592608442,0.00409032139927241,0.508434705257739,1.01201364851907,0.0112469972637761,17.9902510316567,-0.277576165261024,0.854508765013468,0.805551133751963,0.798189224783739,4.29242334657763,56.5229480081795,0.962577956900964,0.791077968816657
622,"Global","all",12853.7792005216,112.556455621759,-112556.455621759,6636,33.4058450117929,0.00416565663082942,0.51626839830349,1.01545162786676,0.0139871202279231,8.03328148086522,-0.263673017911887,0.797629553823598,0.797061256251024,0.827946398746563,2.33420912009764,12.1921131699384,0.97120447800259,0.795819449203382
623,"Global","all",12910.5622299119,127.352966621143,-127352.966621143,6636,33.6672545188956,0.00474848233359286,0.51399775484799,1.01450356872939,0.0123967273704297,6.51915286484469,-0.264786409418834,0.783230620531939,0.79955708642727,0.826223818334377,2.04595747649956,9.3481876517771,0.971995208959091,0.798883610215793
624,"Global","all",13115.1689142059,131.708947303243,-131708.947303243,6636,33.1756873232823,0.00435681182935798,0.505978996032001,1.01090456949984,0.0102287040260471,9.27633265728637,-0.27350293168695,0.79945136612999,0.804671236405196,0.808340856411087,2.38149692235986,13.5021939891282,0.950400373801939,0.777279633985139
625,"Global","all",13437.4603732082,107.986727704735,-107986.727704735,6636,33.324075260258,0.00420818604985075,0.493843316794513,0.972493852274939,0.0137556633206982,9.32782872285891,-0.310830636213918,0.781149463980235,0.798912738085811,0.777704832582774,2.63364187803022,16.3854322771364,0.928403561727327,0.760768251212246
626,"Global","all",12773.0033698386,105.069146641265,-105069.146641265,6636,30.8105115634875,0.00425825807951048,0.519533253680167,1.00732287313916,0.0108678228874297,9.10871458545038,-0.269011922641101,0.800220507688777,0.788526363873118,0.803089206445618,2.62684998135814,15.8667807561556,0.937037841963399,0.740568990477947
627,"Global","all",12782.9928484154,76.2301452427645,-76230.1452427645,6636,32.5496206469295,0.0034253902903428,0.519127255932292,1.02007507441373,0.0153806972301002,7.71023386382836,-0.263244714642436,0.817433249355919,0.797768192015419,0.807414670083121,2.41564152089671,12.6043422720065,0.963216685420011,0.776479445107864
628,"Global","all",13306.2170941017,155.329019811558,-155329.019811558,6636,36.4677093103507,0.00462580131718518,0.498714244106357,1.01291274388508,0.0088245874702912,8.29252598663701,-0.276285873870781,0.810443731717094,0.812443329497419,0.809735939700814,2.38552888060765,12.7888433764062,0.991802825097091,0.850876135542291
629,"Global","all",12853.9373533239,121.244926502714,-121244.926502714,6636,32.7595081610441,0.00417606179851733,0.516262046219169,1.01760837375341,0.0101909088155573,16.0608870927596,-0.263326000838248,0.833701321496205,0.79594869455092,0.819538002453036,3.83428668280466,43.7791684829231,0.962182949572923,0.781136671613892
63,"Global","all",12738.2247592575,120.573013772656,-120573.013772656,6636,31.2535463353899,0.00384786736092005,0.5209517123002,1.02115028652432,0.0198419778721166,13.3648403401551,-0.26587788568611,0.842721623164039,0.800696016211636,0.820074163761574,3.22982512278761,26.7798669910963,0.945443217667535,0.751021383281686
630,"Global","all",12739.1057128026,180.359294124833,-180359.294124833,6636,33.3284094052656,0.00436294588017836,0.520915686674214,1.03595319733957,0.0110625383800379,18.3039000779038,-0.255301574737503,0.883843206648505,0.803036507789228,0.819669436653947,4.31046427347534,55.0127226875824,0.981828864392738,0.80475731934158
631,"Global","all",12724.2590925993,114.483933299837,-114483.933299837,6636,32.9961102320663,0.00460617235455995,0.521523489242663,1.02866462047427,0.012082824184239,7.81900033771464,-0.251054904963479,0.7877602210555,0.801247831973333,0.829973690077071,2.01037565020305,9.62221049429009,0.976635873272379,0.79670100931535
632,"Global","all",12833.4552112331,88.8684224903835,-88868.4224903835,6636,30.8136587621532,0.00438561914950704,0.517085998335933,0.994688792628651,0.0118595569547639,9.13206993776581,-0.275167687806095,0.760520685797829,0.78359580668653,0.811222311713066,2.29695726769652,13.2572300137928,0.932121208842919,0.736496247911319
633,"Global","all",13111.3141863579,146.147718369864,-146147.718369864,6636,34.5045757717919,0.00367447819106387,0.50612775391384,1.00363960900755,0.01001116283343,8.90482329891458,-0.279205841956638,0.805902011431317,0.800711104390652,0.818106716112609,2.60551205723801,14.8792813166871,0.968627721857822,0.803737400266359
634,"Global","all",13594.6124303241,139.512200073939,-139512.200073939,6636,33.9405547290941,0.0043387731762047,0.488134548447865,0.971884626318648,0.00941619295469188,8.4864656798501,-0.306099325910727,0.742504386471141,0.799903044780706,0.788158993587316,2.05020586515785,10.4447426145225,0.927898026290544,0.769326469134791
635,"Global","all",12696.4786842246,94.0592060079112,-94059.2060079112,6636,31.85354160967,0.00421154841844859,0.522664603709788,1.0264330857601,0.0133826875992083,9.8957226194525,-0.254482602333819,0.824750053452612,0.794929460280004,0.826194564935841,2.62862323068163,15.6029624903204,0.957634622567905,0.767610342415767
636,"Global","all",12793.1665652451,93.5248187165827,-93524.8187165827,6636,33.9362247710032,0.00488502176111325,0.518714421965538,1.03047510428102,0.0116198072816029,10.9555466250608,-0.249548269392155,0.821107458515363,0.798665557169093,0.831153983475891,2.81055504477433,19.0865961866572,0.983679117282056,0.813821894356409
637,"Global","all",12888.8021229495,164.761012489774,-164761.012489774,6636,31.1843681368225,0.00430469511609146,0.514865534957987,1.01318848539803,0.00827219582084828,9.9244156833132,-0.277767248415533,0.846275916286758,0.799765044831093,0.79731259650434,2.74185226922916,16.156604476968,0.934942820469764,0.743193841881911
638,"Global","all",13051.1655376555,133.489734015534,-133489.734015534,6636,34.5114633461397,0.00432168870873459,0.508460334891449,1.01694133169124,0.01098334228798,11.4457973383082,-0.269741830079341,0.812196096461377,0.807163478076272,0.81291215310633,2.57910433855185,17.4222850118603,0.976825369144631,0.814274432752374
639,"Global","all",12658.9324387675,107.564702091988,-107564.702091988,6636,30.5838733802464,0.00377085094506412,0.52421482080728,1.01016245410902,0.0170854875482039,8.3084626307672,-0.266200261194843,0.806672686882917,0.787315028447213,0.816403305777094,2.66491835859784,15.6821623850881,0.941641794426818,0.740595912812216
64,"Global","all",12765.9038095403,115.132622091199,-115132.622091199,6636,33.3249759214689,0.00465833450523996,0.519822184077617,1.029463591949,0.0107252421567265,11.9192903230889,-0.257546419400094,0.861891599340414,0.798342920975223,0.814785186595458,3.13542741512759,22.0450478183535,0.97979227225701,0.806591179614013
640,"Global","all",13212.4045003193,143.165601612601,-143165.601612601,6636,33.1402755444286,0.0037897529090736,0.50225528592011,0.985360032654428,0.0149788092345985,8.66334127937555,-0.290971770719357,0.760841817782394,0.796190388390783,0.802225336216159,2.28770080886264,12.6033360788366,0.942780396683816,0.774901060214039
641,"Global","all",13060.1915522599,108.55007317417,-108550.07317417,6636,32.4403334962652,0.00472621800098554,0.508108933429218,1.00375504149397,0.0162308740794227,8.77592597067527,-0.279900753265992,0.800206988169653,0.800777561865415,0.79041062395163,2.43347037414315,13.5475516183256,0.943494206268682,0.765014350849752
642,"Global","all",12934.7225756045,143.060194454243,-143060.194454243,6636,32.0505043041913,0.00441347228397293,0.51303767523517,0.987783050862287,0.00910170591772725,8.4320262216258,-0.277378232554503,0.736062937838901,0.781509123647522,0.812914712374275,2.10876581620079,11.3919374381449,0.945086508836749,0.762828394222095
643,"Global","all",12683.7680449614,134.066615770575,-134066.615770575,6636,32.4857315452109,0.00415261609315942,0.523188375605476,1.02637740638809,0.0145459583370111,9.96942721650302,-0.261278660757486,0.842654217890583,0.801137847563706,0.815148108669375,2.82376448859949,18.0858656930406,0.970146093533316,0.779834505764316
644,"Global","all",13061.9730488998,101.793274695926,-101793.274695926,6636,33.558405675232,0.00445759201246621,0.508039633457896,1.01823608858494,0.0140092503361377,7.5605096788707,-0.274480535675733,0.833739763078354,0.81037212739614,0.799344826092586,2.46945149511331,13.0430045240086,0.958655501526361,0.787701383262296
645,"Global","all",12719.5185442157,119.158799198902,-119158.799198902,6636,32.5769399557837,0.00402357383886394,0.521717860383778,1.02479123321048,0.0126941144943127,8.33726036481271,-0.259459360175268,0.836259220308221,0.797485821177621,0.819441519905715,2.68319200449379,14.957095952105,0.97008512461957,0.787937127076702
646,"Global","all",12718.9934091187,156.034648434595,-156034.648434595,6636,34.0652232887953,0.00438389252779463,0.521739400795851,1.03137038637782,0.0101736925690818,8.53922236908342,-0.246898551213311,0.7991176617238,0.797130212705201,0.833139344658399,2.18433733392191,11.1519598256753,0.99517810944113,0.82573255808272
647,"Global","all",13013.0780781039,249.065498352592,-249065.498352592,6636,34.006968007155,0.00467437391219992,0.509948527179429,1.00794498513688,0.0139176142718295,7.72908374711263,-0.272603659958571,0.793373886951351,0.799331621666578,0.815047075998446,2.32298421717231,11.813032257431,0.973069260601315,0.810423793778592
648,"Global","all",12704.6506769725,192.089832292855,-192089.832292855,6636,33.8670887855314,0.00426548262825448,0.522328410967486,1.04968741485528,0.0172312446754252,10.216637776394,-0.241376257449613,0.849560942081314,0.812548883344499,0.845769461037148,2.60586617158545,15.5752014859111,0.991063087944956,0.816645530532563
649,"Global","all",12603.9204385974,110.845105269312,-110845.105269312,6636,30.8756558408443,0.00383905250270409,0.52650284745359,1.01481619504881,0.0100418775881655,8.4842115690628,-0.257024295234773,0.792348524172145,0.783748766113924,0.823985208689819,2.4425635440907,13.6637349486947,0.950954241961693,0.754097290200437
65,"Global","all",13093.2537274178,131.853231819361,-131853.231819361,6636,31.3435157242171,0.00431769021634797,0.506825892032014,0.98563319523144,0.0137582176228855,8.11479948633164,-0.292656018036548,0.782268183345122,0.790032951634848,0.789472285551884,2.42805044194885,13.196434304773,0.923540464563509,0.736646351271521
650,"Global","all",12506.1515188513,104.751862940584,-104751.862940584,6636,32.0104157766,0.00413289625570722,0.530618871040953,1.04337483400184,0.0114141493282407,6.42840065418226,-0.239674783967615,0.821935672982633,0.798758493475026,0.834089611551544,2.18101882446159,10.2242133547601,0.977305453184896,0.788308751312718
651,"Global","all",13372.6616418325,210.712661541343,-210712.661541343,6636,35.7373175199053,0.00387522068383762,0.496236289957504,1.02611607016129,0.00999415873060001,9.05380710699933,-0.273033449340121,0.845640431194537,0.820974451442989,0.80206777826878,2.40017987232053,12.5755379293633,0.973076966365774,0.82670441720098
652,"Global","all",12747.8664096311,103.527340112935,-103527.340112935,6636,32.3332128007285,0.00389144184045152,0.520557698579777,1.0175035077567,0.0200034906369074,11.2808609215209,-0.264285935165538,0.82628160527051,0.79564007151063,0.818469904245037,2.90100684634038,19.9856460113065,0.963056438786266,0.779213789105675
653,"Global","all",12937.7286974061,130.163923702688,-130163.923702688,6636,34.3066066454389,0.00390807193378678,0.512918469323788,1.03508101188962,0.0166680666118703,22.5370654674994,-0.259820468358353,0.899022881007373,0.815345685232449,0.822915651109468,6.065000140918,111.580773115462,0.97945985877298,0.808414019199571
654,"Global","all",13279.0542556919,193.942728117087,-193942.728117087,6636,35.7619153896537,0.00404306648924871,0.499734384107629,1.03349189264423,0.0120986964093524,9.56730358382652,-0.264111401110735,0.866722394219445,0.81665636857748,0.805367388172429,2.69490113416171,15.3715454321483,0.980700732721507,0.836816524603089
655,"Global","all",12889.4353448849,143.692016803389,-143692.016803389,6636,34.6094857027255,0.00423154088038169,0.514840241053188,1.03409650597785,0.0137531423759743,8.64534571095962,-0.252830548100779,0.831603239710265,0.806014012075342,0.819776754706467,2.3952878916395,12.1773779529156,0.988862268480433,0.822197995991662
656,"Global","all",13315.9709778849,103.080893717858,-103080.893717858,6636,34.0317039612176,0.00479469218310642,0.498348938355382,0.988869201697864,0.010599564542785,6.61277128453732,-0.288899430118715,0.763291936744037,0.796780011921764,0.801471579444213,2.01577962343233,9.04842581452383,0.952220518222442,0.793659660313821
657,"Global","all",12899.3741689529,129.297114840721,-129297.114840721,6636,33.1374759060607,0.00394982891677888,0.514443562383976,1.00719171864967,0.0113895518605569,8.09751630781674,-0.265263009194947,0.771225519765615,0.792522802435775,0.824334763406369,2.30494784657939,12.7653931942496,0.965388439087302,0.794291795542752
658,"Global","all",12833.6203203107,131.363787692729,-131363.787692729,6636,33.9809139313399,0.00447835691042855,0.517079345841157,1.01751036372406,0.0116119457366688,8.25667166399825,-0.259291780959809,0.792660529798879,0.79568464017297,0.818201389536744,2.37401479971442,13.2094406311578,0.984575418348769,0.81800338218192
659,"Global","all",12740.1965339401,143.07084456089,-143070.84456089,6636,33.5991140764232,0.00384191505975361,0.52087108564782,1.02250145340335,0.00971666173523511,7.56427363819228,-0.254224084308085,0.802349281707465,0.793691700803775,0.832444368230635,2.42727292509627,13.0355172840237,0.988624657899017,0.818891868634464
66,"Global","all",12639.3934790781,87.9619243466586,-87961.9243466586,6636,30.4019695279849,0.0039593253361971,0.525025192940189,1.01460546782854,0.0136658775032134,9.16737434718618,-0.267162078622664,0.82434220820637,0.791134536457871,0.803930772237581,2.64536625985367,15.0168728703611,0.937979321952414,0.729422848633539
660,"Global","all",12350.9271003919,91.683104819893,-91683.104819893,6636,33.0823279776798,0.00414648204233904,0.537287601656193,1.05807132919375,0.0144457651487875,9.12115143531237,-0.227271170380288,0.850422459769201,0.799935763793725,0.842976588504947,2.5568740580922,14.4151167132808,1.0041267041498,0.812664481269359
661,"Global","all",12741.1461316147,125.126113156655,-125126.113156655,6636,33.626262722069,0.00413680387326688,0.520832265123623,1.03290340250952,0.0140529580712686,8.63415035429443,-0.251991689993052,0.819222235779125,0.803780035321618,0.831585689707437,2.30530526619465,11.8438356622685,0.98212799319739,0.805345019127659
662,"Global","all",12453.215647602,122.09237224795,-122092.37224795,6636,31.9878478596961,0.00410595186951102,0.532874414752292,1.03591185163532,0.0104740530255638,9.83298345472646,-0.237265121085135,0.791254077591673,0.790273874644191,0.847724065695001,2.24168410780939,12.7451474912946,0.978800882687963,0.784828939895344
663,"Global","all",12936.206105904,122.794627451304,-122794.627451304,6636,34.3715363621887,0.00391329723633748,0.512978839829352,1.0294391397824,0.00998065104891607,9.73854005772404,-0.257112234797251,0.838962963423082,0.804371938368193,0.832590660743711,2.77240064416762,17.2009529874393,0.98380388664386,0.820943170921713
664,"Global","all",12766.2141361057,121.263691653219,-121263.691653219,6636,33.5437757531437,0.00401921184716944,0.519809548018774,1.02543225715618,0.00982390464864604,10.1525348777111,-0.253008402867075,0.808044337691487,0.794754315970507,0.828917008996495,2.49400270627625,14.9878030869544,0.981686707253492,0.808992516790817
665,"Global","all",13182.3629807547,140.655350726885,-140655.350726885,6636,35.280286896097,0.00443837198656234,0.50339988435215,1.0201474274511,0.0143886294442489,11.4966654328895,-0.265400275501648,0.840114432009485,0.805869887339395,0.818729441611796,3.2352168387534,25.2564283724719,0.980210520135489,0.830117137805257
666,"Global","all",13081.1694311562,126.811822635571,-126811.822635571,6636,35.754851640153,0.00430396811747571,0.507294094379257,1.03654846379601,0.0104891174060741,13.6319797187849,-0.261911871507364,0.894347832077881,0.814305414837552,0.812260741921845,3.469966300527,28.5783095726616,0.99550951644237,0.841408237817132
667,"Global","all",13449.0863979837,180.635356893489,-180635.356893489,6636,35.0593982781542,0.00408346034983628,0.49341641533323,0.990319044201744,0.0107886952600443,7.78833078812123,-0.294519919218754,0.786989619361228,0.80632803124485,0.790111637835683,2.37816017397524,12.649241148782,0.958428361595039,0.811538845085025
668,"Global","all",12716.520889788,138.083391829035,-138083.391829035,6636,35.0678798562658,0.00427970453867508,0.521840844482003,1.03062489438062,0.0100020533787992,7.77648796807534,-0.244781167511172,0.781035016735451,0.799006982179935,0.84411524348866,2.07810870735821,10.333110683619,1.01064091268163,0.848043857025212
669,"Global","all",12661.1346458036,144.933410202989,-144933.410202989,6636,33.1646423609665,0.00436040138502324,0.524123641809575,1.03630889007205,0.0152668048459958,6.96776929658548,-0.246722132180038,0.813579493211541,0.801696449583274,0.818870616317211,2.20029188820202,10.7566864517432,0.983757985505629,0.805224698698152
67,"Global","all",13211.4144026762,146.379762392137,-146379.762392137,6636,34.8443424957851,0.00463216255507299,0.502292926233224,0.999209756223074,0.0121648090321779,8.12149747386232,-0.274579611266967,0.758074148581341,0.797130147780124,0.803092538372098,2.08201844927944,10.5375927695685,0.971826465367237,0.823867296303323
670,"Global","all",12501.8195034135,113.585442544335,-113585.442544335,6636,32.3293784615466,0.00434036348567665,0.530802736208767,1.05047983763734,0.0116210173689987,11.5350810117999,-0.235188205265699,0.863636557945949,0.79954151451016,0.847339852734862,3.0445997757871,21.5611489180325,0.983007666213531,0.795821813108387
671,"Global","all",12706.6443009597,134.580671053311,-134580.671053311,6636,32.1693446540756,0.00474775533497711,0.522246459633624,1.00900091053487,0.0134621780230658,8.35371051431162,-0.263858387337459,0.779781399743794,0.788770190208598,0.817772877935123,2.40393468351539,13.6769436457111,0.966496086553864,0.78350308607441
672,"Global","all",12632.757966164,110.659261575323,-110659.261575323,6636,30.9399924026286,0.00383491769807702,0.525300968939172,1.02184712045334,0.0147204380881532,10.5225767938083,-0.259728396812222,0.835060495649895,0.792608447375967,0.815339933709829,2.90757187355946,18.8679070611256,0.949435545006126,0.750565138736691
673,"Global","all",13259.8112073221,127.600783492953,-127600.783492953,6636,35.1140135655297,0.00433173037711463,0.500459614110916,1.00746973707414,0.010022721996206,10.0607684010187,-0.28182299525637,0.835832744347847,0.806820876691969,0.800396741467894,2.90277008514369,18.244498268811,0.972797517809399,0.82132271036551
674,"Global","all",13055.4468721245,141.097159668028,-141097.159668028,6636,35.6479351844756,0.00436308219241881,0.508293593087874,1.01983900936515,0.0106505890079558,8.6659692450411,-0.262837622253378,0.804405892448693,0.804352157770487,0.817310150260132,2.36233716115867,12.7018163629783,0.994075157089445,0.84129525659828
675,"Global","all",12646.1666715866,124.726496732103,-124726.496732103,6636,33.7036027038723,0.00476102305971453,0.52474399336439,1.03644624629125,0.0109309857789724,10.3643473840398,-0.246464921427819,0.822383769147789,0.799630265148844,0.828746588221621,2.42879449272572,14.0224037577039,0.993873410540016,0.819716342026195
676,"Global","all",12584.4576668683,142.377777679621,-142377.777679621,6636,33.2814413881083,0.00413494093931402,0.527317122093462,1.03797782509537,0.0123659923157237,7.17736906502319,-0.241943286393665,0.800585893820063,0.79940027113788,0.829356293449423,2.09959596549344,10.3307541194128,0.991136162256186,0.810527571630287
677,"Global","all",13263.1599302374,104.424353733509,-104424.353733509,6636,33.2216010166702,0.00480968652955624,0.500333256547047,0.987656542122839,0.0115343288486846,9.22114073223996,-0.28993118547944,0.768127986257617,0.795988678880482,0.800600705591761,2.25615014463988,12.2205108631262,0.940855581500122,0.77190051061053
678,"Global","all",13072.538291744,126.624593935124,-126624.593935124,6636,36.3674805680666,0.00420614136624395,0.507629035150043,1.04054431897152,0.0142338612947695,21.6494252487332,-0.25491819725277,0.898973699752305,0.819832386621899,0.842543677627999,5.61044874662775,95.0756032285301,1.00226889901299,0.851158383628317
679,"Global","all",12804.8920047622,127.967119888377,-127967.119888377,6636,34.9875530246032,0.00400021900833299,0.518239435173059,1.0528456159968,0.0121657256376547,6.92041580010361,-0.23289719961759,0.832429697196626,0.806557118044681,0.842640923557796,2.18922392332228,10.2442126087118,1.00602380295945,0.851887094333078
68,"Global","all",12810.0402826491,111.564950408606,-111564.950408606,6636,31.9011701942759,0.00392356609178494,0.518031157871401,0.990947338324606,0.0173253183338633,6.79374776216324,-0.277776519984468,0.736999058712709,0.785986175100749,0.812504249852632,1.92381133694786,9.19861968613497,0.949208666104928,0.75888290196666
680,"Global","all",12560.7320485968,124.698379128712,-124698.379128712,6636,34.3548364167222,0.00454446834704824,0.528313156775074,1.05260668053988,0.0111188003570895,12.1244864923791,-0.22983199884202,0.837133576775089,0.801227825193947,0.846997415152244,2.78801561277193,20.1324968234412,1.01028327051777,0.839188668761113
681,"Global","all",12412.3386844049,131.513887168719,-131513.887168719,6636,32.2220026583275,0.00418596715465691,0.534629304656147,1.05313169240914,0.0128755095081021,11.923183875071,-0.230552094086401,0.834837769735492,0.800530785590428,0.846585978696756,2.58637468184665,17.3903518476238,0.984280131873037,0.78778394748064
682,"Global","all",12919.5991782064,143.318389571516,-143318.389571516,6636,35.3385312788079,0.00401466810582101,0.51363822580456,1.04977229662861,0.0117518714225891,10.2775295189064,-0.248355486442033,0.888452057593602,0.815543553443871,0.821161096628597,3.05181304345639,20.1451228653528,1.00072308081521,0.84507608835098
683,"Global","all",12719.8052169379,114.980116604423,-114980.116604423,6636,33.19902714937,0.00428779239827529,0.5217061021629,1.03165329352607,0.0155785069696175,12.2922976985332,-0.25265175502059,0.833211897331957,0.801714210091675,0.831487977064321,2.9225692035161,21.8284707243648,0.979228885304818,0.79960344573033
684,"Global","all",12864.1968936021,122.13976221995,-122139.76221995,6636,32.7044762531899,0.00408218810225872,0.515850313461877,1.02276024195283,0.0101282992736746,13.7872039701759,-0.259044522886065,0.829471087516365,0.798670414772809,0.821127379057328,3.22054052681487,27.9748059168324,0.962451383679581,0.787568552348465
685,"Global","all",12929.7401954873,116.547756713972,-116547.756713972,6636,33.9773967135935,0.00375481153810416,0.513235370523229,1.01398732649426,0.0161201577879147,8.24485652864681,-0.265233033155501,0.784491200649689,0.799501359081733,0.813610215677168,2.1078368135109,10.347513977598,0.978207542143192,0.809808384447269
686,"Global","all",12880.5344176441,129.216099156743,-129216.099156743,6636,34.7682044882646,0.00449053413724234,0.515196014763941,1.03793172043694,0.017320803456499,11.1088637095608,-0.253497034183203,0.843551495122461,0.811398044663544,0.819345209395965,2.66136794097031,17.3625951663334,0.993367339952729,0.830399004904516
687,"Global","all",13177.9206742077,200.931219763621,-200931.219763621,6636,33.5682838420099,0.0048329959226737,0.503569581579604,0.992030621563945,0.00673599364954769,6.83896667113338,-0.278012018590635,0.759793176094054,0.7878764222093,0.802942925802762,2.25179616336055,11.480883859463,0.955434362178478,0.795475470516075
688,"Global","all",12626.9867698232,149.076738527234,-149076.738527234,6636,33.0096922353359,0.00442255976666979,0.525541059079838,1.03625291146163,0.00870598306004683,9.6998577235411,-0.249010696612687,0.850196306780637,0.7961100810253,0.819788341445219,2.73903500697319,16.2776687962768,0.984337149374454,0.806913997642788
689,"Global","all",12810.4612984708,121.359423638759,-121359.423638759,6636,33.9007483838116,0.00460521816887678,0.51801413277695,1.02114577850286,0.0139853000509318,7.18870076125404,-0.255640949986904,0.789474672171527,0.795703731375018,0.825793524718487,2.21887810141956,11.5104681767011,0.989764264770686,0.826659550083124
69,"Global","all",13289.0725227976,159.155932847707,-159155.932847707,6636,37.4048957911362,0.00455737257247779,0.499357648068808,1.02928950725212,0.0103376347209691,8.56026801865861,-0.258687041362824,0.815049941977193,0.816853070105946,0.83661865395557,2.36365354744316,12.6999250696795,1.00253063104649,0.864810851893265
690,"Global","all",12798.6126682715,136.117646223122,-136117.646223122,6636,35.8086006601091,0.00409745507318945,0.518493697090392,1.03739749374057,0.0131268662893914,10.4330320075425,-0.246133908865412,0.834432986843018,0.802676970145381,0.839906514751126,2.75650948610401,17.5299478275376,1.01532578344097,0.858254551868581
691,"Global","all",12689.4499006365,113.168340552486,-113168.340552486,6636,32.6879200849161,0.00429865194009804,0.522954111640973,1.03243810475744,0.010567114314626,7.78702631970358,-0.253433033625168,0.830468756654567,0.801652587460272,0.821529972409856,2.45628142740631,13.1297959629203,0.972954192781579,0.789059251810293
692,"Global","all",12673.460993806,102.569194987737,-102569.194987737,6636,32.4564575070074,0.00416579294306987,0.523613873372336,1.03016187609042,0.015255186609733,10.828167882559,-0.256347323941042,0.860544439497361,0.797538338377136,0.819911979850534,3.12702162206713,21.6009741435066,0.968990426584143,0.779149863593068
693,"Global","all",12630.5749711607,117.487949777424,-117487.949777424,6636,32.7751438382348,0.00388262698223556,0.525391758898698,1.02712732265145,0.013512851615358,13.0718728994575,-0.248781443471893,0.816232679038148,0.791343706923199,0.829954949079994,3.08846563820583,26.34246071573,0.981572381536087,0.803319982807194
694,"Global","all",12709.7490340501,130.824433645018,-130824.433645018,6636,32.7316908041379,0.00438171153194739,0.522118885449416,1.02901763788268,0.0101337504983969,9.40775559294549,-0.248239477334147,0.813712780605735,0.792058119701439,0.81854992361019,2.53751780780585,15.1713012441869,0.976235346145855,0.802348881691951
695,"Global","all",12676.5757906054,118.864020100887,-118864.020100887,6636,32.5321226167245,0.00391647785528138,0.523485214746868,1.01721390135473,0.0138534853191132,12.1521538335084,-0.25456352135026,0.791210819713296,0.785523940950433,0.826920418403698,2.63443291328836,19.7193747718126,0.975382514046407,0.799945879425196
696,"Global","all",12711.0352977609,162.643962600331,-162643.962600331,6636,34.4517393503072,0.00429683444355867,0.522066050840799,1.0357212261071,0.00804427086306526,6.99242054484611,-0.245040167014241,0.811862096778706,0.798283558321922,0.832606673813298,2.19945586885329,10.5992548965619,1.00110108592205,0.834936483003733
697,"Global","all",12594.0037106981,127.372807092855,-127372.807092855,6636,30.1728766408568,0.00367952174396063,0.526917424548876,1.00601883266509,0.0137086799520985,7.31676182104688,-0.264696924701998,0.781497574567308,0.780463976536437,0.808239373693356,2.26677293227252,11.2018153306731,0.941304085648466,0.738114242084941
698,"Global","all",13061.1417909916,136.107435067824,-136107.435067824,6636,36.4784828299177,0.00423708424482678,0.508071966922287,1.03025338176414,0.0168922960259055,8.55433210819011,-0.259792490361515,0.820894338433104,0.815700196091426,0.822245680467919,2.36553914637532,12.8085665272796,1.00497580031577,0.857271761653809
699,"Global","all",12568.8756081277,115.748429301696,-115748.429301696,6636,34.3182070163436,0.00336673058953454,0.527970854903586,1.0403324592809,0.0106023024429149,10.0553828348541,-0.234923245574992,0.79386181066166,0.797288447968344,0.847883959076017,2.30255500503693,13.8259256705144,1.00820682506206,0.833601996321455
7,"Global","all",12724.753183092,93.2892966300056,-93289.2966300056,6636,32.9441202404484,0.00387994617483999,0.521503238964009,1.04280153657314,0.0175096935408886,10.6249135698097,-0.250837418283825,0.878257441325788,0.807556442894764,0.821721234446489,3.0982931656357,20.9896002053258,0.975369548124574,0.795673589205485
70,"Global","all",12710.0852479287,73.3183389183765,-73318.3389183765,6636,29.4318346803971,0.00430537667729372,0.522105074085277,1.01570380735361,0.0229807509258962,9.66775464062039,-0.269864990567159,0.842620990346607,0.795238697222565,0.807135953749776,2.95752169904133,18.8547927288865,0.915202252484193,0.697876743760801
700,"Global","all",12575.3497029269,96.2058783550493,-96205.8783550493,6636,34.4045296073096,0.00415625108623817,0.527699042711752,1.04204239615644,0.0111840486897908,10.5777747567301,-0.235371628195519,0.797857246286556,0.798867662649023,0.842103265874087,2.24115337940721,13.5429515882456,1.0100886147001,0.842162058686316
701,"Global","all",12420.8328695359,134.878251017671,-134878.251017671,6636,30.98874511774,0.00374104400181841,0.534263689858986,1.04870273364472,0.0184479410631187,14.1922767791011,-0.240595630085566,0.883895732039852,0.799799902785193,0.825156414701983,3.53211278621684,30.6997553747052,0.96460107594501,0.759423300072375
702,"Global","all",12926.3957383078,114.63925272355,-114639.25272355,6636,33.1654511755234,0.00431841721496372,0.513368160339851,1.0038697725233,0.0101718100869784,10.7666490914408,-0.273449359284356,0.78273735314972,0.794655224477003,0.809183883749088,2.48137399606454,16.1338455691956,0.962082775205434,0.785207748425748
703,"Global","all",13187.8585845619,216.200425857321,-216200.425857321,6636,35.6205087672024,0.00423503956121999,0.503190109102951,1.01386534632418,0.00822518770468513,10.8240058135376,-0.272460799763857,0.828278150144438,0.804650814632221,0.809572159874797,3.02309487550951,22.2400872240102,0.988353622835328,0.842712279539197
704,"Global","all",12728.5550351005,111.681288585196,-111681.288585196,6636,32.0976329746363,0.00447404035614753,0.521347472804291,1.02573272101804,0.0121040469088981,8.67721093208287,-0.256989988533754,0.814735517116649,0.799202352842612,0.829212561132565,2.43131655620048,13.5221153004183,0.961600120946935,0.775375182916024
705,"Global","all",13125.611225798,141.836511819669,-141836.511819669,6636,36.0884019945066,0.00482727080857468,0.505576455514479,1.04420131054797,0.0108772474648756,10.2493739193142,-0.249494230621339,0.840846426152474,0.819628947599678,0.829497679068981,2.46284064664058,14.2328481621014,0.996173830037417,0.846650578416227
706,"Global","all",12878.5311451865,112.0854920081,-112085.4920081,6636,32.7194827038552,0.00422418001939723,0.515276154181625,1.01620253938411,0.0107073789808381,7.22883672498592,-0.266508528774006,0.797690543504113,0.801247072542714,0.805572222941139,2.19404425195184,10.7709053403821,0.959970332712584,0.780625418867614
707,"Global","all",12786.107079771,143.257098477751,-143257.098477751,6636,33.0913104838746,0.00441397209552126,0.519000815384917,1.02376499900885,0.0110104344176756,8.834509121177,-0.256054088766257,0.803202863113671,0.796748833944312,0.819968385665072,2.32612936433787,12.6593909367469,0.976628181573261,0.804628504404027
708,"Global","all",12918.5333461823,123.51696193094,-123516.96193094,6636,35.1939285394334,0.00476770235949673,0.513680603066374,1.03026449598991,0.0121300175661268,12.8533056465613,-0.256821772350613,0.82955116746221,0.809919895062511,0.832007767433527,3.03948015763201,25.0447971819968,0.994665908569663,0.831987303815393
709,"Global","all",13088.0954565401,133.200998548052,-133200.998548053,6636,34.8896690170876,0.00490283322719911,0.507025641892303,1.01260175200366,0.0121635612372076,8.13896809938638,-0.267652898407136,0.788307600195353,0.803978691685776,0.82308372576444,2.38569363066923,13.7008750036873,0.978620433236892,0.819297300100448
71,"Global","all",12742.5288468337,134.428431845778,-134428.431845778,6636,34.184746481241,0.00408954896324318,0.520775748657531,1.04163656404074,0.010635122046353,10.9903550911142,-0.238971432413776,0.823806681264824,0.800771099353886,0.842157652749259,2.6636365850438,17.678155971971,0.994143525671834,0.826435469465546
710,"Global","all",12820.5123051766,121.576643301891,-121576.643301891,6636,33.2231547818791,0.00422595207852312,0.517608020805889,1.01769984425602,0.0129811397682697,14.3534603215837,-0.26440625015179,0.849763461064231,0.794950706038157,0.816844034114304,3.75614582535229,35.6186068254711,0.971473950331412,0.796045778292474
711,"Global","all",12634.70635538,89.533584787394,-89533.584787394,6636,34.2085960651806,0.00404034024443965,0.525219962644744,1.06906481353117,0.0138758902820818,11.8362007369608,-0.229426925032623,0.893285192236043,0.819550991257474,0.852357950112323,3.0999013036138,22.3082705175025,1.00079541212043,0.8233574840431
712,"Global","all",12752.0948608451,195.586579182581,-195586.579182581,6636,36.6054745567711,0.00435017796698926,0.520385087502416,1.06322077095067,0.00898641674162387,8.88231084505213,-0.229077392231683,0.863216054577501,0.814025352745715,0.851830220346412,2.56276422639197,14.2815946230091,1.03285217851513,0.883743592150344
713,"Global","all",12783.6526531602,152.260827013125,-152260.827013125,6636,36.680237147742,0.00386231645840807,0.519100462132747,1.04588654673486,0.0111446791029513,8.4294152958239,-0.237793952955825,0.798094021982775,0.812101331221102,0.848583946441917,2.06495309948278,10.8279509996444,1.03073149895423,0.87851900473779
714,"Global","all",12501.041947288,100.90308398116,-100903.08398116,6636,32.6216276830673,0.00382873820984315,0.530835751770244,1.0434926354764,0.0198029536283625,10.0784804875396,-0.240449239746287,0.827730342868292,0.801688333038733,0.837344890396089,2.47552427862843,14.4623108327493,0.983128783290566,0.789733072439568
715,"Global","all",12519.008814805,134.779712330211,-134779.712330211,6636,33.2049031619863,0.00370682962946471,0.53007391385109,1.04897721095823,0.0137951035053283,8.20269703544365,-0.234186880243545,0.830821748591322,0.799178292651694,0.838115239454084,2.33992092638853,12.1496779533271,0.99501446795101,0.816488525367191
716,"Global","all",12783.5106651921,115.077629313179,-115077.629313179,6636,31.3813203971541,0.00399217658614627,0.519106227843106,1.01573554555405,0.0119652856503102,7.60805385909666,-0.26422867113035,0.803591681176781,0.794122962003477,0.8182218204871,2.35319083244974,12.172939874048,0.945211674485219,0.753481179443262
717,"Global","all",12363.5527547541,135.721159376303,-135721.159376303,6636,32.6981925514804,0.00365952928202753,0.536738923805559,1.04703064851655,0.00949667188528509,11.4289799642468,-0.228618487160217,0.808511713998524,0.792705495958673,0.859418846501454,2.43263992534125,15.971989691902,1.0002421785497,0.815672394109938
718,"Global","all",13012.4289465406,115.944077073733,-115944.077073733,6636,33.4883212849121,0.00420146131265507,0.50997396621821,1.01002017324604,0.0175054989928729,7.22654630924216,-0.274145137387935,0.795631492547147,0.804964984025821,0.807063403736927,2.25466314762722,11.2394593689326,0.960967968704656,0.787747432175293
719,"Global","all",12844.4018955401,119.733731481902,-119733.731481902,6636,33.7574361375233,0.00415216171902458,0.516645310071165,1.04158611276659,0.0155429795605991,9.49685983311028,-0.248879993519015,0.835894068072955,0.812770809331546,0.828353767843921,2.43445492131919,13.5771215018964,0.979188948152557,0.807507213794647
72,"Global","all",12762.0902098658,95.0649955799599,-95064.9955799599,6636,33.4242283967318,0.0037882989118421,0.519977518641113,1.02657399690349,0.0140480417407805,7.95712798787703,-0.255895393778516,0.814248575937562,0.799334309821654,0.825742123785428,2.31563533243284,11.7096107580393,0.979445626751541,0.803164828741806
720,"Global","all",13228.2457561296,110.479960772381,-110479.960772381,6636,35.4417966504759,0.00404442961165324,0.501653818831197,1.02599242011344,0.0101316208906764,8.65101362603069,-0.27040932484428,0.86007397086075,0.816680557228703,0.809312784018528,2.80175095880269,16.2736413171312,0.979002780750448,0.82745878314958
721,"Global","all",13331.4552144703,126.329042862359,-126329.042862359,6636,36.0950589603908,0.003923384342131,0.497770115358234,1.00073884385518,0.0110129918020738,9.35292271245141,-0.278582320601847,0.760892312275556,0.806803407337596,0.806551517928191,2.09389670021896,11.8011895154751,0.984726716706822,0.843997446402809
722,"Global","all",13231.4059556583,149.997556751474,-149997.556751474,6636,35.6458051861999,0.00464374909551149,0.501534003433866,1.0241564943553,0.0117448820643485,9.64207850692108,-0.271176518052702,0.843930934338971,0.816593374497224,0.800196705655661,2.62748150097288,15.6848271753448,0.980712855813009,0.829973975471919
723,"Global","all",13192.9337277896,120.083925264774,-120083.925264774,6636,36.2306757353534,0.00444159804291973,0.50299653867145,1.02068412067672,0.0116329040320431,7.53289481510374,-0.263161721643499,0.789468531858174,0.81140838863367,0.834402241732097,2.14425551703898,10.8858635476526,0.993039742265255,0.844251117787221
724,"Global","all",12614.9333849227,91.2618498208552,-91261.8498208552,6636,32.4129806896872,0.00404243036545993,0.526043205898442,1.0308405004289,0.0125693510149516,10.6744918421742,-0.24917216261433,0.82783993230077,0.793038787572527,0.829368157019741,2.74740520293794,17.7707222637951,0.973439598701252,0.784404638312906
725,"Global","all",13164.2622967064,142.153103914615,-142153.103914615,6636,34.5728540732481,0.00415066228437959,0.504092052439603,1.02510236338692,0.010160175419846,8.00551135328621,-0.270546981118445,0.851017694665593,0.813115388266006,0.802631661971861,2.63342360054426,14.692990857081,0.969718122271616,0.81028956171235
726,"Global","all",12945.0528761855,101.992738546512,-101992.738546512,6636,33.011216686906,0.00447676660095659,0.512628265289512,1.0077767475991,0.0166604218381366,7.73616194464736,-0.27961690800593,0.820231876350612,0.801345958028068,0.801542637739299,2.49703971136365,13.1873372425608,0.95864302524978,0.779764779906264
727,"Global","all",12943.5081818118,100.879320250877,-100879.320250877,6636,31.7537424979227,0.00382319484539806,0.512689442984624,0.99756366297794,0.0161938339197978,9.31331457468192,-0.280097215436814,0.775767525390144,0.794938272837167,0.805198999855349,2.37657502359999,14.3457107131458,0.937934840032792,0.748440496013137
728,"Global","all",12571.1620745306,121.510435863686,-121510.435863686,6636,30.4726626352638,0.00377516749934513,0.527874826579846,1.01467178648902,0.0148329757925624,8.14230254645227,-0.260488604294987,0.791913335650231,0.787280617830475,0.80820059230024,2.29612667829229,11.9586288779464,0.945785898809671,0.741176433211885
729,"Global","all",13084.3827213252,134.547913016221,-134547.913016221,6636,34.0491158220195,0.00418065097727925,0.507169512030902,1.02019425223799,0.00958255780160696,8.75447427518046,-0.270342155570216,0.832640871014028,0.809099138514109,0.803402612554622,2.67300144424129,16.1844616734988,0.967873362945062,0.802061348945297
73,"Global","all",12779.1535872061,101.928726682152,-101928.726682152,6636,33.8772270466065,0.00407228274611913,0.519283218150192,1.02716433632856,0.0144739518556911,6.13857241690435,-0.250695478822813,0.78354768588943,0.800336986102861,0.842083347515481,1.99252564623116,8.99322237123549,0.985864746687022,0.814559084641295
730,"Global","all",12924.6561598579,135.505442329724,-135505.442329724,6636,31.6890359990528,0.00393424388395375,0.513437256505938,0.997993078866171,0.00873702474414645,6.63542382708771,-0.277100782522665,0.767116190020298,0.790038053393643,0.797130215195766,2.0149358321049,9.01288216877009,0.940096364739996,0.754588817099986
731,"Global","all",13041.9840162945,136.857894704603,-136857.894704603,6636,36.0762067439102,0.00414620941785813,0.508818289587618,1.0352339084709,0.0142355610076418,11.3706385103386,-0.256753969483879,0.837474727062296,0.815349748799944,0.821926336278031,2.67073871582133,17.754739606425,1.00461094951283,0.852866281766232
732,"Global","all",13259.0536004083,137.541403751924,-137541.403751924,6636,37.4768390303946,0.00462943631026393,0.500488209791658,1.02295486995181,0.00930255672316312,7.45249379276866,-0.263190714147522,0.804184784594141,0.813175293934759,0.831705210909298,2.34283118089709,12.6915523600605,1.00981862096772,0.872095105404502
733,"Global","all",12336.1267006757,90.4883119530574,-90488.3119530574,6636,31.3001080600142,0.00378361885825322,0.537932218192643,1.03538897648408,0.0174863029970187,18.1683505894293,-0.240678617537082,0.838760320030334,0.789360995337416,0.845907167315941,4.39104199843985,62.1128478371177,0.976299035704999,0.771673962481727
734,"Global","all",13010.6976936355,102.040149765866,-102040.149765866,6636,33.5296739784832,0.00472939861992944,0.510041825293213,1.00723618519694,0.0125171649855613,6.99159065424048,-0.270537938370999,0.787917101163415,0.797318992646696,0.819173865229845,2.38106732909427,12.6346451769765,0.962567046726071,0.791236889744229
735,"Global","all",12895.7169117425,132.300630380706,-132300.630380706,6636,35.9415119230099,0.00421382028912281,0.514589459850615,1.02905805124866,0.011935639382337,6.80905381056814,-0.248946347450299,0.78449382090809,0.803731123010036,0.841470458221402,2.10524806574745,10.4354488714541,1.00924324658236,0.856935242664273
736,"Global","all",12946.8154939986,231.147190089605,-231147.190089605,6636,36.2475958236782,0.0037532212286322,0.512558474558943,1.03897851083011,0.00814655521145246,9.32838635048534,-0.248734135246304,0.813077424593758,0.814467791683008,0.840146929419469,2.23418096352232,12.0090428023921,1.01112265342847,0.860856706219303
737,"Global","all",13059.5558167874,136.924802586396,-136924.802586396,6636,32.4162879823537,0.00367888562017185,0.508133668027955,0.98998549213764,0.0095596773316038,10.2448794831103,-0.281486101693059,0.767191299719211,0.786208049154649,0.793188755995926,2.51145833960162,16.2117794331808,0.942862163055599,0.767590130001389
738,"Global","all",12931.5348521379,143.789014900085,-143789.014900085,6636,33.8379648585185,0.00496499160884567,0.513164142994433,1.02194464532582,0.00993302821899529,7.24337641860758,-0.256271074076819,0.79090734517807,0.798866476368992,0.828958416269959,2.16746408412783,10.7133548548763,0.975437944601491,0.809977871690909
739,"Global","all",12984.6576201576,136.716138110301,-136716.138110301,6636,36.547586660329,0.0041503442224852,0.511064688351747,1.03673909234363,0.0100901381453015,12.4475805240003,-0.244628888562898,0.811788775196944,0.808219197539294,0.844806619667728,2.83234120630166,22.9770304998356,1.01548586054886,0.874336514938306
74,"Global","all",12922.1887915261,163.706120461061,-163706.120461061,6636,34.7008455156067,0.00423908349102009,0.513535292438353,1.04407356776492,0.0126431255331891,7.40206736545669,-0.252185439276834,0.85916777343117,0.814156789503001,0.818111293342282,2.38880099050626,11.8048883744258,0.990644321029538,0.831143375462779
740,"Global","all",13285.7416716061,151.436678439803,-151436.678439803,6636,34.8309256878051,0.00475738806663578,0.499482841381919,1.00156418803072,0.0112009823074739,8.27545189773282,-0.277787200014448,0.77804463704244,0.804253265257937,0.813342804556689,2.36948495950565,13.2271562683264,0.965273516384905,0.812671542653272
741,"Global","all",13075.3267553808,123.679820374129,-123679.820374129,6636,35.1117853871923,0.00389825745247417,0.507520777426779,1.01326486723915,0.0126079417094224,7.32253028286259,-0.260993340523695,0.765653599903078,0.801146065623753,0.827699001871886,2.06233682464046,9.95882683522544,0.983119854870419,0.829195191595472
742,"Global","all",12391.7212765002,128.094300185131,-128094.300185131,6636,33.2765923412318,0.00450707335575064,0.535518823570103,1.05808665231413,0.0124201187285705,8.2646414999367,-0.223591212632149,0.833795611862699,0.797334308531158,0.846429325190614,2.28004365468963,11.4027770619456,1.0065259616645,0.825011902180626
743,"Global","all",12376.1756534466,80.7462156467137,-80746.2156467137,6636,33.1203094848176,0.00384900329625716,0.536191484818812,1.05111553335384,0.0158047886862061,11.8181601735972,-0.230262547656796,0.849299547144877,0.796140526766246,0.84360230412656,3.07957896309809,23.7032635953782,1.00578669491696,0.82272008669304
744,"Global","all",12458.1257478558,129.851416456446,-129851.416456446,6636,33.546575599654,0.00414234723771196,0.532664393850907,1.04958084365674,0.01528511913033,8.13090981100371,-0.230127328257212,0.818695271907647,0.798335499053044,0.856906972197535,2.29470328525891,11.9568800199732,1.00282708584382,0.820987299203676
745,"Global","all",12962.6244431299,145.991971934991,-145991.971934991,6636,34.8845214787719,0.00424240042220445,0.511933368826177,1.02697310513119,0.00987482001762173,8.92183517446734,-0.256814828651396,0.831413358321426,0.801391728671887,0.820942647323853,2.69231783004938,15.7611334983341,0.989676349633737,0.832447872043559
746,"Global","all",12583.3459794688,102.685758535976,-102685.758535976,6636,32.1340784581272,0.00422263514733877,0.527363708414868,1.04151401181252,0.0135867427814097,7.5588766050017,-0.243368832625126,0.827129999925119,0.80057774254535,0.820429838532103,2.25308580847467,11.1256522882549,0.973360655040851,0.784880662566223
747,"Global","all",12800.4203514815,123.624743287015,-123624.743287015,6636,35.3517601786503,0.00412158233974963,0.518420475092597,1.04776207229631,0.0140453139139332,9.14570579595572,-0.239950652999042,0.845573105980755,0.809898347630185,0.843372634308774,2.662445206487,15.6893740559647,1.00535140756406,0.84409816558079
748,"Global","all",13098.1151471743,191.618793934757,-191618.793934757,6636,37.6567306242463,0.0046460209661857,0.506637781500313,1.04033531908779,0.0104424675459865,12.6692717832219,-0.252015324393967,0.847914989808594,0.818807594556424,0.846332799665979,3.09931579941148,24.6592538929967,1.02594874565993,0.89139893662296
749,"Global","all",12713.5993991544,138.254535247058,-138254.535247058,6636,36.1594975561242,0.00385241110226849,0.521960759628886,1.05277345406766,0.0128622839376392,8.53750301086331,-0.231846273254934,0.818984084786567,0.808680440367408,0.845598168585289,2.14686980675127,10.6357191864946,1.0297981288206,0.878175258509178
75,"Global","all",12617.1366239453,144.977709404871,-144977.709404871,6636,33.1671271527902,0.00372314166090558,0.525951346790198,1.02006405332386,0.0112893182601061,5.81487268888374,-0.251483060931367,0.76793769002251,0.790150411415597,0.831114218104835,1.94129760216585,8.70863612570062,0.986963847096275,0.810825124263879
750,"Global","all",12944.6612559384,152.764127975454,-152764.127975454,6636,35.1919594219249,0.00421382028912281,0.512643774046672,1.0504168400027,0.0121456731297926,8.81882517258992,-0.248507312465928,0.86315715393605,0.821285330508901,0.832083890459381,2.4684048471995,13.0619383051298,0.994345119040571,0.834315897921248
751,"Global","all",13568.407422498,194.163389517993,-194163.389517993,6636,38.6681997780545,0.00384923048332458,0.489077295025559,1.00604127975078,0.010073567383751,6.17815841124878,-0.279351081394284,0.767628876498982,0.818012711358851,0.8195037694077,1.87127995138573,8.24095777821844,1.00389993598866,0.882044719898987
752,"Global","all",12556.8106837614,91.6305039734352,-91630.5039734352,6636,33.058933995316,0.0043851647753722,0.528478143624619,1.04061790464985,0.0160447835215804,8.9710379425509,-0.242897139181848,0.837698220685967,0.800809973133568,0.844821562322814,2.71982868021139,16.3692154704041,0.988060566934832,0.804023384628959
753,"Global","all",12933.9896512235,127.246935687878,-127246.935687878,6636,32.8943363432414,0.00423335837692107,0.513066747302698,1.01566102239279,0.0110469660681764,8.50279617506832,-0.268439732691341,0.80872777198399,0.802078891131598,0.814060966394499,2.36397676034295,12.3959703924965,0.958235879115884,0.782484322666558
754,"Global","all",13303.1708687742,150.217037119697,-150217.037119697,6636,36.275118049131,0.00374145293853976,0.498828442140538,0.99959998606501,0.00906227294002971,9.15245974885497,-0.280367056339622,0.784787292788951,0.802371100850555,0.815350981710375,2.50410706665243,15.0169554650986,0.987280661878476,0.844707811383117
755,"Global","all",12470.2789281272,144.320412992334,-144320.412992333,6636,34.6824383997842,0.00414098411530743,0.532145274235383,1.08013689087503,0.00886382678463574,9.93095310415933,-0.216532395658695,0.888390804106193,0.816093966031506,0.85765182690249,2.80568729022534,17.811822013034,1.02697795997385,0.861434146047938
756,"Global","all",12849.0280569082,164.163449856061,-164163.449856061,6636,36.8879458476534,0.00364239937714394,0.516459297202031,1.0691518981764,0.0110274460830664,14.2972725552753,-0.229473411503671,0.886524833745296,0.823613440958805,0.854371731364386,3.166159124735,26.4627164930545,1.03162643572533,0.883726452283304
757,"Global","all",12248.4915227112,103.749558852269,-103749.558852269,6636,30.1991358221856,0.00398586078567195,0.54178100117027,1.02611745036938,0.0102143638909343,8.78797526022142,-0.237874448741658,0.771821569342794,0.77765697934318,0.843793164472202,2.26617293230726,12.438199324965,0.96394959008835,0.749054426182534
758,"Global","all",12426.8974527662,100.534476180535,-100534.476180535,6636,31.2203599340688,0.00372200572556847,0.5340029581175,1.0376210235687,0.0140793237535393,8.38511609740197,-0.243924602061939,0.82219433765287,0.793950772631496,0.827216445559906,2.25795880820367,11.1272916800655,0.970513685256516,0.770013789393481
759,"Global","all",12733.199507369,173.481615716236,-173481.615716236,6636,34.8024214601626,0.00430551298953417,0.521157309768032,1.0459124466457,0.00838340847678998,11.25194355928,-0.237847721430431,0.837577179332313,0.80213167821173,0.835798091641148,2.69136870834424,17.8152802545141,1.00344683744889,0.838077022205593
76,"Global","all",13069.8846697829,154.092934267168,-154092.934267168,6636,34.4718080797165,0.00415947714259555,0.507732100753895,1.02155422683332,0.0112461886555306,8.90733444871697,-0.26529680190097,0.811510031025534,0.810035411815596,0.814892531195607,2.41354655266567,13.5185187105775,0.975504835515025,0.818620716417825
760,"Global","all",12290.4875267547,128.032381082762,-128032.381082762,6636,31.9589688396177,0.00441292703501112,0.539929761578159,1.05510791883318,0.0121190663381759,7.63787350452473,-0.218532949456623,0.794510588966196,0.792183672022133,0.8539515690507,1.96709285720379,9.38127882827251,0.994073462620032,0.801972814293504
761,"Global","all",12905.6179475714,156.6695910175,-156669.5910175,6636,37.3816792300714,0.00456146193969138,0.514194672967892,1.05444723199538,0.0131829943418511,7.66391809915371,-0.234476825839578,0.821703942065285,0.816313897844915,0.848844424721271,2.05538001351622,9.59943488206391,1.03564433408991,0.893191055864366
762,"Global","all",12756.4994012351,138.457523524831,-138457.523524831,6636,34.6335867457389,0.00481223102471136,0.520205409907164,1.04284141685158,0.0158714547345426,9.7398823945871,-0.241532304408348,0.827648898464611,0.805651283620311,0.83676284199348,2.48104303901715,14.3893468571913,1.00282399041966,0.843648366277954
763,"Global","all",12768.5059397313,123.291111393221,-123291.111393221,6636,33.518396684226,0.00376589826699433,0.519716248034235,1.02622184435933,0.00935566593924359,10.8880466119267,-0.255493261382536,0.807414592207454,0.800398415256258,0.821639869395896,2.52243743000335,16.4357310591315,0.980541874577722,0.802174701056507
764,"Global","all",12745.025386355,155.370165425596,-155370.165425596,6636,34.6270063630897,0.00417778842022974,0.520673737308094,1.04029250911109,0.0122652190671001,13.4512334632999,-0.246954005027001,0.852184111724896,0.806109389636891,0.836574042477986,3.23098901522448,27.1032406780092,1.00041850718274,0.833586190345066
765,"Global","all",12869.9589906039,189.745654801092,-189745.654801092,6636,33.4133376651611,0.0035413465695548,0.515619358604392,1.01354289369827,0.00996607427500849,9.05984546661546,-0.259883649033041,0.797358057162785,0.788604191182817,0.822606350743273,2.55118837747761,14.725770964506,0.974894515807893,0.810223431313018
766,"Global","all",12976.727804384,129.641257412203,-129641.257412203,6636,35.5938645944507,0.00467287447755494,0.511376989641266,1.03784861004626,0.0148744679073688,7.57336290833868,-0.25237284247443,0.824114396029601,0.8143280998162,0.826835208076876,2.25378538661091,11.3994823405697,1.00030653686186,0.85044736200057
767,"Global","all",12609.5351500733,123.886104776941,-123886.104776941,6636,32.4586611872567,0.00412585345661715,0.526268408868462,1.03766605553911,0.0186268660457473,8.30793153118787,-0.244418697623288,0.825726946112944,0.799358070589824,0.835995782360664,2.49699230841176,13.7828287858609,0.975596467074817,0.789189878028148
768,"Global","all",12590.091390979,136.481764280956,-136481.764280956,6636,32.2948270958778,0.0043619462570817,0.527081161996553,1.03284546432572,0.0118960666714553,10.574391915791,-0.247812111405267,0.837991499788271,0.794259738952127,0.829175581273474,2.99512627896184,21.0066043478892,0.974400333091316,0.785636018333814
769,"Global","all",12972.2942867548,82.1671362002293,-82167.1362002292,6636,33.0571367096647,0.00381710623199117,0.511551762032996,1.02136018103612,0.0168432455212771,7.94932723037191,-0.266704252836142,0.817183984640424,0.807244752610515,0.814578466678833,2.35850489676826,12.3537872103634,0.955415933981623,0.775297308471091
77,"Global","all",12553.5289788487,105.758896038799,-105758.896038799,6636,32.2936565744531,0.00403597825274516,0.528616296754553,1.05838047520169,0.0115452693052648,8.53994624749289,-0.23440766197907,0.870399610326465,0.808906113552285,0.840165913048568,2.60883258639977,14.2157552930848,0.97785813447832,0.790366787947946
770,"Global","all",13368.3783131449,105.231105739423,-105231.105739423,6636,34.5354396194829,0.00459099625845619,0.49639528778707,1.00299986765477,0.0134879429434978,9.58073728414588,-0.289633493486359,0.832736608563211,0.811474351132435,0.797349037095011,2.83605635399474,17.5031265818042,0.954256230409741,0.799401619077463
771,"Global","all",12275.3961635708,137.976501683685,-137976.501683685,6636,31.0475805559638,0.00409981781869063,0.540593550837357,1.03464262361939,0.0187397100602545,11.8495668521641,-0.242035406219695,0.825710820009211,0.786787369491974,0.833861737238886,2.90821720611239,21.343470515535,0.979813205005767,0.778057307025151
772,"Global","all",12921.3164469413,167.896795159763,-167896.795159763,6636,33.5926611693708,0.0039845431006809,0.513569962259601,1.0217646687688,0.011143835594822,8.05698380679204,-0.259542986536975,0.798915301888757,0.800813307450052,0.826518436672682,2.24882057842885,11.7098468513288,0.974266520752024,0.809353939594602
773,"Global","all",12614.83458569,106.09178409479,-106091.78409479,6636,32.8366415025345,0.0043639909406885,0.526047325862499,1.03332739724841,0.0102689492260343,7.11782735369756,-0.244164293086188,0.800190115393747,0.794913966391826,0.828518549969491,2.16957742864396,10.5518154258874,0.982938827093521,0.803385718492482
774,"Global","all",12557.7971836087,137.716894433841,-137716.894433841,6636,29.2638119414864,0.00444832278011541,0.528436628094439,0.997854665798641,0.0164424017010032,6.76246798365872,-0.267590892514356,0.759216904995967,0.774780066397269,0.811292157753186,2.17332247980607,10.6967115277242,0.927142630163827,0.712690389879283
775,"Global","all",12607.0963515788,114.478487185506,-114478.487185506,6636,30.0242689730358,0.0040732369318023,0.52637021364313,1.00618856496428,0.0185890535110308,11.168912994185,-0.27098646410864,0.797205362024545,0.789061341901891,0.815983677279115,2.70727003677273,18.5771400365314,0.935500082145775,0.725412040487095
776,"Global","all",12980.3882741844,103.7121418792,-103712.1418792,6636,31.8506647619971,0.00376989675938095,0.511232781318086,1.01193227052449,0.0110247089408491,8.88010965533433,-0.278045552991076,0.841021778321525,0.803108628335547,0.80463000931307,2.86076488753747,17.5519983700133,0.938356542547712,0.753146367598286
777,"Global","all",13107.1778127177,117.487885148517,-117487.885148517,6636,33.3392878964488,0.00381687904492374,0.506287478114565,1.00909968231325,0.00999109128696865,11.1994770990621,-0.275083877864058,0.823432315133118,0.802190335029911,0.813147100279839,2.9949672022084,20.8268051864215,0.953741194420112,0.784362471175258
778,"Global","all",12578.168613873,84.0099628295616,-84009.9628295616,6636,30.0879393905471,0.00406410401169196,0.527580779341825,1.01719678431214,0.0188849977690033,10.1082174454353,-0.260862508653872,0.806024319182587,0.791753954467695,0.823290837824189,2.69909278150651,17.9052716688423,0.939118563768426,0.730462110929065
779,"Global","all",13042.2434014595,96.3628510921712,-96362.8510921712,6636,34.0857849799644,0.0040732369318023,0.508808170169358,1.02549660182173,0.0111718049801405,12.0746440986859,-0.268225658514127,0.870304680171607,0.81067636836378,0.809249644059198,3.38502503685671,25.8278339358032,0.969359542160503,0.802203458180011
78,"Global","all",12960.8701103649,104.448417225362,-104448.417225362,6636,32.5339761635988,0.00390816280861375,0.51200266212784,1.00899746106873,0.0113302905840088,10.4133276958364,-0.271647724829966,0.793253739652023,0.799789916759365,0.807217525318851,2.52605470818423,16.2567607420331,0.948452554001914,0.764393810332803
780,"Global","all",13065.7839708339,94.6335858122987,-94633.5858122987,6636,33.5082895582522,0.004097318760949,0.507891452576685,1.02065446802238,0.0131081477568977,13.2574277745767,-0.269993499783748,0.835671854458419,0.809968856920143,0.809006396596104,2.96900528641867,23.7895385269437,0.958757110379529,0.789569144719139
781,"Global","all",13269.4856522486,220.562907330287,-220562.907330287,6636,33.6596412775895,0.00401212361066589,0.500094741718608,0.997259747626297,0.0104092385564036,9.41833411250903,-0.288681473643815,0.812615090596681,0.801695398615796,0.79107395151738,2.67238810748089,16.0873616313223,0.948379658455853,0.786831859803785
782,"Global","all",13170.3783000836,98.4981211123656,-98498.1211123656,6636,35.0876362925447,0.00436635368618968,0.503857964350037,1.02450746475458,0.01223715009775,11.2818941852459,-0.262214912447993,0.824785216226872,0.809667745100878,0.812620204341705,2.7251608070458,18.26996751852,0.979209233874533,0.825757182151957
783,"Global","all",12920.1472674093,144.596385773042,-144596.385773042,6636,33.6214085439594,0.00390580006311257,0.513616436612849,1.02894114283634,0.0129904516051949,10.6171688138441,-0.256720547973669,0.823183208939758,0.805656146001554,0.828150175078396,2.66688182295462,18.0033359894278,0.971265242708687,0.802062117158586
784,"Global","all",12826.9825381003,101.69547669223,-101695.47669223,6636,32.645785729231,0.00394124124563034,0.517346927095983,1.01229810456781,0.0155385655831479,7.99707528969325,-0.267290030310186,0.790842696940773,0.797277000666859,0.817173806784335,2.25426409067556,11.6103715415882,0.961437326835553,0.779754619515694
785,"Global","all",13253.6162383438,167.291964343697,-167291.964343697,6636,35.5007575311233,0.00375599291085475,0.500693537572145,1.00924679191319,0.0110097235275327,7.95061029709468,-0.27655459722983,0.791375308962699,0.810546501769268,0.819224129449321,2.18500073282536,10.9966063677982,0.97773041276415,0.826055279533649
786,"Global","all",12774.3013506992,94.1188605665229,-94118.8605665229,6636,31.8742051479145,0.00413071525985998,0.519480464552906,1.01237000119087,0.0170748894793361,11.9147315170345,-0.267040319245702,0.819384486452895,0.792004950253803,0.803855064403191,2.98592567364499,21.8933541578871,0.953499565243752,0.766153820002032
787,"Global","all",13003.0246221198,94.0152434120627,-94015.2434120627,6636,33.5194094363818,0.00385622784500117,0.51034280045208,1.00809110041245,0.015264126212885,7.67017962452625,-0.268616327506613,0.780012742796738,0.798221528184498,0.82291525591589,2.29534391431154,12.0687955027807,0.961334439976895,0.786844568524425
788,"Global","all",13205.7144495636,187.810723151484,-187810.723151484,6636,34.6870166531247,0.00409000333737802,0.502509729810136,1.01177634330724,0.00718567891386236,8.9738108263121,-0.270569711481893,0.796507965194191,0.803884284956024,0.800878932495792,2.34900639317473,13.0246522021409,0.968449442727719,0.812508604810524
789,"Global","all",12894.2967818593,154.983452634914,-154983.452634914,6636,35.1817746135343,0.004604582045088,0.514646134819547,1.02032502476793,0.0102093764570565,11.324736930195,-0.252188749402708,0.786570115455567,0.793503531334607,0.833975651760544,2.64039066296213,19.1034455308828,1.00007545014538,0.843706177278856
79,"Global","all",12486.4578630371,94.6520350486114,-94652.0350486114,6636,32.0521244692729,0.00414002992962426,0.531455763739386,1.03365287557949,0.016357774281237,9.30749106604959,-0.242230644584068,0.801184065007888,0.792509966055995,0.842500434523866,2.31985929477597,12.8596704666441,0.980097727010315,0.788495244109255
790,"Global","all",13175.9117410571,117.325760386998,-117325.760386998,6636,33.3092694880865,0.00414430104649179,0.503646360905844,1.01812183635286,0.0137461022413858,11.9410216000637,-0.282523208742764,0.86495004588499,0.817252823273812,0.79225190093514,3.03413793439496,21.7505004076214,0.947417962698164,0.774596413768036
791,"Global","all",13279.0016516823,120.65994336869,-120659.94336869,6636,35.1353625703511,0.00431087460432532,0.499736363776964,1.00075216713788,0.0110701199838545,10.3929878088203,-0.282539794072066,0.79664448257475,0.803343992775432,0.801889925305867,2.54425745420067,15.7258768828923,0.971858908106592,0.820453133538155
792,"Global","all",12756.8947000073,130.63486921774,-130634.86921774,6636,31.1861704828727,0.00418001485349047,0.520189290266401,1.0137835978654,0.0128781952389725,9.52535952786055,-0.267462059567247,0.817994461638798,0.794401517479238,0.817908133664219,2.78479290329489,17.866817833839,0.94439237732388,0.749136117268496
793,"Global","all",12620.3946773324,126.772594499318,-126772.594499318,6636,33.8831833758185,0.00401435004392662,0.525815568345018,1.03881561110337,0.0113408592370965,11.1071461785014,-0.238141011802035,0.825427811060712,0.793348410076481,0.842536103227441,2.93657410750383,21.8309986792814,0.998289662146635,0.82684685696118
794,"Global","all",12893.3202622304,143.124753081165,-143124.753081165,6636,33.38908647442,0.0039770004900425,0.514685113301607,1.02740532864469,0.0155191233783042,8.89792519824492,-0.266478585845743,0.861686135824456,0.807688714520788,0.803888359700735,2.85464533634103,17.0756782671518,0.970183172982811,0.795580489220716
795,"Global","all",12842.8642598796,99.8487732683977,-99848.7732683977,6636,35.2356687926172,0.00440483917541091,0.516707166385815,1.04445968428452,0.0112785485139825,6.38217046864511,-0.246006605126461,0.823112301356403,0.813981921842422,0.836210890890606,2.05775611618679,9.2477540808417,1.00236092351354,0.838799127666402
796,"Global","all",12772.6877737829,119.238030661585,-119238.030661585,6636,32.9039309563671,0.00387862848984894,0.519546090652977,1.01898834910006,0.011829685394876,9.0732041105511,-0.258145298760635,0.797258988668637,0.794259846746107,0.818045728823047,2.42626313645459,14.1071487566967,0.970340789798514,0.791388817281339
797,"Global","all",13271.3151767874,153.657626808389,-153657.626808389,6636,36.4652336088667,0.00423835649240434,0.500025800879699,1.00363017986063,0.00955656186704637,8.69772078498784,-0.269358660966991,0.749154308224411,0.800981608374865,0.827365091015089,2.02161242577024,10.8169104513051,0.994353553389353,0.85511724614318
798,"Global","all",12915.9807099878,95.0618576958738,-95061.8576958738,6636,32.2921093575923,0.0044121091615684,0.513782123789367,1.00981596093814,0.0156704761776237,8.61346737580849,-0.272213409067003,0.809117515381217,0.798087398040265,0.806567777219028,2.5896204419017,14.9806558462486,0.948348864673714,0.763494352644325
799,"Global","all",12934.0946613859,105.092272907758,-105092.272907758,6636,29.589196184557,0.00437498679475171,0.513062581783281,0.978240312912375,0.0114164748051985,6.50460095175902,-0.289910353805108,0.753791974262949,0.776953130379824,0.785035115722571,2.2547528472347,11.2308431129826,0.908335008716292,0.706635323578139
8,"Global","all",12914.2817734876,114.412196163819,-114412.196163819,6636,33.6108615742969,0.00422586120369615,0.513849714323517,1.03581824386888,0.0137682153991663,12.258940647153,-0.255235469428322,0.853579561074189,0.808475236942991,0.819426861294815,2.89271832325324,20.3732210049218,0.970513850975547,0.794685924165134
80,"Global","all",12923.0464223615,123.987329005628,-123987.329005628,6636,35.3059866528254,0.00463943254123048,0.513501211952419,1.02105568536665,0.012502088751887,7.19953181071475,-0.256598523103636,0.781709007244481,0.801836008603492,0.826682097666174,2.11834062885229,10.3702287428579,0.99722210956251,0.837711158530646
800,"Global","all",12863.6110067604,129.043545429494,-129043.545429494,6636,31.9610655476672,0.004288610271718,0.515873808412931,1.01880089656787,0.00943938198322713,9.29026715146142,-0.26776964048855,0.840781259098092,0.797491289770273,0.794828126162291,2.80699673669262,17.3465563302393,0.950595775249255,0.764363904764232
801,"Global","all",12548.9138254183,98.4190026790654,-98419.0026790654,6636,30.2617173721095,0.00442319589045857,0.528810707629417,1.0048671829623,0.0189393277375711,9.91599773787279,-0.264918084564183,0.773440425727259,0.781004054476874,0.81986303343817,2.32562196080286,13.4635821961052,0.944768019007953,0.740213872539537
802,"Global","all",13221.4700012358,144.730880150708,-144730.880150708,6636,34.7320518342328,0.00405483477934115,0.501910906985357,1.01048721877706,0.00820608641306412,6.99951170350298,-0.276076619292829,0.787621911500353,0.809914371285246,0.80391990578502,1.98019386652288,8.79224683099485,0.967774640581975,0.810681659537151
803,"Global","all",12823.5069251914,142.368398308194,-142368.398308194,6636,32.9864771010579,0.00422722432610068,0.517487145966586,1.01632759488854,0.0169536629764207,15.568133136402,-0.265921088878596,0.823813024145795,0.799750941890365,0.828291049983699,3.56530266330282,38.9281195369919,0.968540392128326,0.793070061213492
804,"Global","all",13310.1709665591,153.239310908877,-153239.310908877,6636,33.2151991257139,0.00479664599188624,0.498566097811404,0.993104564097958,0.0128013382711646,7.78742447574783,-0.292582388515984,0.78632223792153,0.805173758635874,0.79285628592762,2.23100918146136,11.2495672762643,0.938541258463062,0.772401680172663
805,"Global","all",12978.7976502973,95.0673447952337,-95067.3447952337,6636,32.0068166083514,0.0041480269143975,0.511295435740769,0.997857008069923,0.0110028423946551,8.84372143742836,-0.280546938443932,0.783834475131268,0.79314810355611,0.800012139436753,2.3494847938636,12.988652258794,0.943255718688647,0.761884502531248
806,"Global","all",13307.1104542274,164.901202867917,-164901.202867917,6636,34.0730184936094,0.00363476589167857,0.498680763402839,1.00659149025033,0.0106266248866389,11.2100853351549,-0.287901120169885,0.83726511061579,0.811893609186254,0.791189780051953,2.74946489219478,17.2285846791057,0.950022734944696,0.78544047036615
807,"Global","all",13289.8816417015,199.922933952093,-199922.933952093,6636,34.163572761786,0.0039544180955408,0.499327246013786,1.00550931357783,0.0102624509821485,11.7798381998532,-0.283621442888356,0.837814876829301,0.804563391126162,0.790261126284446,2.99057318703704,20.6572511773321,0.95870825768893,0.804444284484576
808,"Global","all",13043.8585720429,107.920111645694,-107920.111645694,6636,30.3818445809798,0.0043187807142716,0.508745166420543,0.979868122197094,0.0160778650517912,8.48230082447601,-0.294857103308864,0.761908318380882,0.7868133086365,0.791587457956323,2.25964630673545,11.9338300502112,0.909619069821944,0.710101746082843
809,"Global","all",13100.2858176755,125.879477116623,-125879.477116623,6636,34.679217725311,0.00476006887403136,0.506553833432128,1.01195794943429,0.0121237049931118,9.55119788399407,-0.267636693368789,0.804972051942506,0.801024018247683,0.823258010768302,2.71212162466537,16.9357518783183,0.974442802200254,0.819512741523267
81,"Global","all",13071.2331510939,86.9409546426645,-86940.9546426645,6636,33.9319478896317,0.00403988587030481,0.507679721055598,1.00979927558667,0.0126091955129708,9.4342649090282,-0.272499888939722,0.81345118691939,0.799794852528163,0.799283885242632,2.6949535351217,16.4271294200493,0.966078661892954,0.802452931902354
810,"Global","all",13157.910667169,156.475721449102,-156475.721449102,6636,34.7602495518276,0.00409645545009279,0.504335389398704,1.01603924619897,0.0119301165692853,9.61505290290739,-0.273557762731273,0.852315511980253,0.804984399786271,0.807198246719601,3.04932150421766,19.5038334619076,0.977466983208809,0.829004413074652
811,"Global","all",13307.1587184613,179.610220022334,-179610.220022334,6636,34.6311688123245,0.00427307067630637,0.498678954718843,1.00656861714511,0.0143330755423443,12.2368564070766,-0.281321972706227,0.831883033884699,0.806228609425342,0.802862425087246,3.19747089235048,25.2100789548626,0.962708206417595,0.810537580645366
812,"Global","all",13097.642873173,103.337462377993,-103337.462377993,6636,31.7464813745551,0.00433386593554839,0.506656049814283,0.983286673243128,0.0153698239558021,9.24966962334627,-0.291886265135193,0.773518852017312,0.790265391560779,0.800755672855087,2.64872517571035,16.6369435454686,0.928847047393966,0.743996030357633
813,"Global","all",12958.8647082105,135.889001888003,-135889.001888003,6636,33.1545893871737,0.00409800032215126,0.512081895244697,1.01699009588496,0.0146183005678098,11.4292429256224,-0.272043181055908,0.83414954887438,0.805185584033245,0.810499340629675,2.91509726955464,20.4232780619588,0.962212428136522,0.79236861887926
814,"Global","all",13089.7839490701,197.431031422828,-197431.031422828,6636,31.868552001406,0.00429597113270247,0.506960239055086,0.991942558429164,0.00895655728586968,11.6890259314544,-0.287168687910381,0.775699190770671,0.797122245462943,0.805396137539818,2.58269802027503,18.9040585551842,0.930865505894039,0.74816127289101
815,"Global","all",13239.5015126179,143.02719697423,-143027.19697423,6636,35.3965692903587,0.00466669498932107,0.501227330475822,1.01514791397458,0.00827882853262514,8.06230008017924,-0.269614050753996,0.806710082969057,0.806866500250898,0.81351893130466,2.37269418125903,12.4264386540479,0.981420435763044,0.836166983818458
816,"Global","all",13026.8044285731,117.319325299249,-117319.325299249,6636,34.9466149124776,0.00424026486377068,0.509411194156296,1.01007732608354,0.0152206977775819,7.8633918513958,-0.268132862152426,0.779604408413069,0.802533097688252,0.829096228445776,2.3287913373407,12.8753781837766,0.983327341148047,0.82297557386932
817,"Global","all",12389.8911192882,97.1965235909017,-97196.5235909017,6636,32.7919646641059,0.00379284265319054,0.535597927060819,1.04300897502602,0.0184516126635635,13.3165597833465,-0.237782883382317,0.843052944298433,0.794834361674048,0.846927908323015,3.06805508067367,24.180766359299,0.994852639239566,0.801736904987712
818,"Global","all",13006.4489627793,123.846900746277,-123846.900746277,6636,35.7392007342378,0.00460926209867689,0.510208437290633,1.0190722267987,0.010008542512134,7.01226808503353,-0.253058192795982,0.767437584178454,0.79699181291059,0.84173445560456,2.08591909244754,10.3722755701208,1.00019965212236,0.850677128741773
819,"Global","all",12742.9499941725,139.344617433476,-139344.617433476,6636,36.1203581895817,0.00442092401978436,0.520758537311588,1.06488000245506,0.0118759772430289,14.2761650361143,-0.227090910865689,0.864372074604943,0.815782835388965,0.851634292121772,3.03777933820583,25.8488186681897,1.02885512489772,0.875329513084171
82,"Global","all",12792.1854921462,129.584215418847,-129584.215418847,6636,32.9212677847344,0.00408559590827004,0.518754203812495,1.02301200373849,0.00997204717951283,9.03030976539066,-0.254781373416583,0.810034658910016,0.793781062918162,0.825015033453243,2.54481973167317,14.616977164076,0.969070859169623,0.791149687355905
820,"Global","all",12908.6959561166,86.9675420835266,-86967.5420835266,6636,34.5401413373093,0.0043434077923801,0.514072066036663,1.02591486868519,0.0132855973621802,25.9685652772421,-0.258015531777903,0.901630282989016,0.804671400694737,0.8354120263033,8.20736736345196,189.752190046243,0.982634236334966,0.813348484489734
821,"Global","all",13008.5569249256,117.29903352303,-117299.03352303,6636,34.279644267169,0.00476252249435951,0.510125760935467,1.02674947759388,0.0104306182512874,11.6625848477818,-0.260013060003142,0.839524320322686,0.806873802026026,0.824991212225028,3.02418203601742,21.9250572097113,0.975282950902161,0.811778321694753
822,"Global","all",12619.2710051201,109.699069787434,-109699.069787434,6636,32.0897857173021,0.00390334644278441,0.525862389143361,1.01804124472573,0.0148684591795594,6.39690092562082,-0.255266967789745,0.768091652901552,0.79190657041102,0.830001724533007,1.94419221222316,8.92354882508251,0.966738175812001,0.772068897099568
823,"Global","all",12917.0569039183,125.530098970073,-125530.098970073,6636,36.6488175486359,0.00507853970514299,0.513739317660433,1.05169506337906,0.00901741218428938,10.553417118067,-0.237696396871951,0.839764947886335,0.816245978914093,0.85122116554538,2.60049502426478,16.2547182699105,1.01751088388512,0.865587491605957
824,"Global","all",12390.660924723,123.669654408874,-123669.654408874,6636,30.9749474602437,0.00413716737257475,0.535564651499682,1.02464260051679,0.0150903553800686,6.57276863233388,-0.242567962969362,0.767409752417629,0.783141077141336,0.842439886228819,2.01760965274442,9.62387589677279,0.967339604193406,0.76490561332465
825,"Global","all",12679.3094733814,113.376430075907,-113376.430075907,6636,30.6149892446548,0.00411722034805513,0.523372350357994,1.03167911805589,0.0222791953942187,11.8124220770264,-0.258242472145315,0.846679736708899,0.804743955119798,0.815597021641588,2.83326472216031,19.6332836012877,0.938581492596042,0.730961109758694
826,"Global","all",12849.1755004573,122.874257238629,-122874.257238629,6636,32.1506256192,0.0038027934467436,0.51645337086133,1.01126453180445,0.0125195203269381,9.71429396577505,-0.271277930596341,0.804229201518926,0.798251032344732,0.807011542571301,2.47534976804736,14.6301915867082,0.95182567597903,0.765977208079642
827,"Global","all",13079.5073062146,146.062700704709,-146062.700704709,6636,34.2920040849671,0.00426539175342751,0.507358560581786,1.01963187232113,0.0128635016947166,9.70547675511719,-0.268750404492213,0.83213562116874,0.80877736050463,0.811468488481688,2.81929667116482,17.917955556272,0.970798999288215,0.807451566565754
828,"Global","all",12964.8984113551,160.662910113127,-160662.910113127,6636,34.6498871891611,0.00442019702116861,0.51184357867301,1.02882010060636,0.00894111227539546,8.64155147010763,-0.25435370111021,0.800507524460621,0.806770554229346,0.834698429111227,2.22219210214323,12.0181256842583,0.984856263784346,0.823321386034248
829,"Global","all",13399.6408765539,130.306373616755,-130306.373616755,6636,36.1781652695108,0.00390266488158215,0.495237153080078,1.00940283069456,0.00931677273160118,8.20277637259088,-0.280918108897727,0.81954452869691,0.812990611821583,0.81289283752829,2.54273397668386,13.9674143993247,0.978669857509778,0.83830911428633
83,"Global","all",12569.8964523296,97.8568313734354,-97856.8313734354,6636,30.8062184252339,0.00440906485486495,0.527927976588075,1.0173473236365,0.0111608744499217,9.57667557140577,-0.256159703366092,0.806593623099158,0.784722511148535,0.81472137947656,2.81582642024949,19.1348840402655,0.955725834306292,0.760648324081122
830,"Global","all",12445.8000838752,127.264543772465,-127264.543772465,6636,31.4997205083095,0.00396291489186236,0.533191916572535,1.02047180232957,0.0174037620402992,8.11901119032413,-0.247772600280688,0.77248474199236,0.782678224648147,0.831093496588899,2.1853269052174,11.653438068266,0.972074401592723,0.775302304035832
831,"Global","all",13102.6547400474,107.327941560866,-107327.941560866,6636,36.9271427691248,0.00498216695114274,0.506462249952865,1.04850613664387,0.0107866562421186,8.38055585656208,-0.249888437992143,0.864751116639737,0.821712386589694,0.823794661829534,2.55347696271848,13.936987536429,1.01227044392664,0.871445834517103
832,"Global","all",12976.355224319,90.8424476310678,-90842.4476310678,6636,35.286620106607,0.00432273376924473,0.511391672413798,1.03069005653051,0.0121894585344198,10.4474887495128,-0.254531131089312,0.810085469102457,0.809730162937148,0.83456433009268,2.42956823518662,15.0252103763756,0.993290194619614,0.835747090875025
833,"Global","all",12765.6331413193,110.471765893514,-110471.765893514,6636,30.5488814888669,0.00490515053528681,0.519833205806367,0.987773250827605,0.0136961847045981,6.4881273137568,-0.280813930765099,0.763430669963532,0.776387995258983,0.797919559966539,2.17183520835082,10.0812985790075,0.934103669002464,0.736932518411016
834,"Global","all",12772.706203378,121.133448640214,-121133.448640214,6636,33.5770680557209,0.00407414568007199,0.519545341005728,1.03122451922016,0.00961128107309532,10.368788599574,-0.252549100618939,0.824697493599528,0.800749349611971,0.832172051267539,2.5764674462487,15.7633433889316,0.980450992110923,0.802065804529498
835,"Global","all",12759.7258708903,130.255482026618,-130255.482026618,6636,33.3047253663689,0.00476143199643589,0.520073868917449,1.02436430145849,0.012651802798708,8.0867147435492,-0.252225365719158,0.785143175979021,0.797983850654391,0.825539077230522,2.16345558539934,11.1441528691867,0.976267670673663,0.79342303765081
836,"Global","all",12890.4831778625,105.418427666156,-105418.427666156,6636,33.1390653149284,0.00404143074236328,0.514798391063906,1.02034628426329,0.01541015126176,7.29149880283441,-0.266591544958025,0.818465932957951,0.803702981841546,0.810597803608786,2.29702403213366,11.1509553896321,0.96285965020923,0.780492173562747
837,"Global","all",12754.585767852,112.380737088099,-112380.737088099,6636,33.2695958270863,0.00456159825193183,0.520283458889434,1.02259638317792,0.0111982530640262,8.93208866163617,-0.253923728463132,0.795992028171583,0.7934049917895,0.815605126608575,2.30935169825212,12.6473440502287,0.978625567340227,0.803176937917248
838,"Global","all",12763.8781151314,85.1270824500625,-85127.0824500625,6636,31.2996955640295,0.00398935946651024,0.519904682584924,1.00542576429587,0.0193702814461596,7.41427330752689,-0.272963089571944,0.777995425594382,0.794104289141602,0.812074011857327,2.10942962450178,10.2778480243373,0.944457513719148,0.747158823470884
839,"Global","all",12905.522650658,125.471149108955,-125471.149108955,6636,32.7015832421463,0.00434795153372853,0.514198469882325,1.01780255695157,0.0114614995598557,10.4988288932661,-0.26929421500067,0.832377818950332,0.801632212113366,0.801408933485093,2.78067090953848,17.8053932731142,0.958295406042504,0.781668231973585
84,"Global","all",12752.4163895071,162.514763428376,-162514.763428376,6636,32.7942748601778,0.0040622410777391,0.520371966952101,1.01329081620274,0.0126145441250179,11.335772561322,-0.264037284142867,0.81645412688678,0.789093556409846,0.822526143168798,2.93862918957572,20.6750115407178,0.973052845404367,0.794914847984439
840,"Global","all",13321.4187014002,151.243395181334,-151243.395181334,6636,32.455894225668,0.00373940825493297,0.498145141200503,0.989849914325146,0.00897465373022252,13.6600300986487,-0.298969494778516,0.842634628785071,0.80129777620717,0.786483448851194,3.80352470142977,35.055036613236,0.923387034341597,0.748549071033861
841,"Global","all",12905.2012017973,95.5435834832699,-95543.5834832699,6636,28.4625288263287,0.00425680408227898,0.514211277781231,0.974749468654715,0.0181039941038527,11.2970789406765,-0.303935477944828,0.780053451875695,0.786142826369354,0.769453685546901,2.91032203723644,22.5260266981094,0.888239363856762,0.665951568960416
842,"Global","all",13499.6650310926,171.962868837287,-171962.868837287,6636,34.1365331350408,0.00419378238977622,0.491567752586146,0.986140744250994,0.00751605022512523,7.53105216477407,-0.301729819884299,0.788652579756849,0.805669991461562,0.788325763641872,2.24126555977936,10.8507914290308,0.938182578659478,0.777785169624553
843,"Global","all",13154.6071940143,108.60487500355,-108604.87500355,6636,32.3033524945863,0.0042480346614765,0.504462041483045,0.992423744997983,0.0134461289221745,10.2950304266029,-0.2878747694686,0.786204737461382,0.796420481560941,0.794885787257775,2.53359408595714,16.0249046043836,0.930567294158232,0.749754472879898
844,"Global","all",12623.6233104713,95.6181456928945,-95618.1456928945,6636,29.2308649114089,0.00363172158497512,0.52568108512042,0.993412444676179,0.0191758412442373,6.8802104019808,-0.278364695529014,0.75731982939373,0.783350963073077,0.80333863870356,2.04972752704423,9.73617433689798,0.920284564124851,0.701968678105559
845,"Global","all",12879.6756688375,102.476267184894,-102476.267184894,6636,33.975199120105,0.0041637028220496,0.515230365315479,1.03650973008033,0.0129025978311919,10.9282122292118,-0.257165332140869,0.858551881860503,0.810715783476894,0.821072430896363,2.83604758818604,18.5885442439722,0.978337745733093,0.80475650703169
846,"Global","all",13022.6751595036,113.819795253104,-113819.795253104,6636,33.4853406551025,0.00494418127346984,0.509572719792311,1.01489466606513,0.0120621432689691,8.46329008203977,-0.268943464950769,0.816455429461413,0.802041909710633,0.824330780083678,2.5656796941883,14.2499436105266,0.961300745895319,0.788284243405238
847,"Global","all",12929.8443112482,113.810495647964,-113810.495647964,6636,35.3222274868156,0.00475266257563341,0.513231237767272,1.04676652174002,0.0113604136975328,9.87257581992867,-0.247630357422029,0.855798149017253,0.81579187302091,0.83755089326355,2.62755256906452,15.7660412997068,0.99937161184774,0.843982200019065
848,"Global","all",12998.1023048482,130.108367314016,-130108.367314016,6636,34.4806070658373,0.0042486253478518,0.510536064754992,1.01576567771155,0.0132549073886127,7.32189029006975,-0.264471989267142,0.803108587871642,0.799023678542482,0.819228966035253,2.33391531455971,11.5870566842044,0.981636045098717,0.824332051021139
849,"Global","all",12601.5256866258,85.4961575663747,-85496.1575663747,6636,31.170772462128,0.00391043467928797,0.526602902301179,1.0275200185565,0.0149646993560678,8.68275293224619,-0.25110701207177,0.822421205137084,0.791287040541284,0.830185604542106,2.56655619437562,14.3787762131744,0.954695271165335,0.756779028981328
85,"Global","all",12787.4849280284,127.698701723597,-127698.701723597,6636,32.9883569234824,0.00390761755965194,0.518944893178705,1.00008241230267,0.00960780880248908,7.04773661528685,-0.263496764062345,0.744468748854524,0.781184764016369,0.816160822005018,2.09769429956219,10.538607798766,0.972306393175771,0.798039179266337
850,"Global","all",12740.6135486929,130.847340641668,-130847.340641668,6636,32.1574101073138,0.00416179445068325,0.520854036945562,1.02571821709926,0.0113295317883408,10.4833089148134,-0.257867657220161,0.832773181975163,0.798982660802966,0.816916138283587,2.86961956981369,19.2059120449742,0.961704713875158,0.778205900187018
851,"Global","all",12646.7317173994,97.3189650344457,-97318.9650344457,6636,32.7713099998873,0.00424703503837985,0.524720548224345,1.03309094963858,0.0119688417949429,6.17304232356964,-0.244482492425182,0.786007266017038,0.798493124195671,0.831796277667415,1.90536658449862,8.32319404283804,0.976912218884035,0.791003865158895
852,"Global","all",13035.410528451,190.014524117091,-190014.524117091,6636,34.7215884932899,0.00453488105280305,0.509074876124258,1.02653435895797,0.00739667073730909,15.7524527749995,-0.260011084914258,0.864544928621799,0.799759895036012,0.813303745398667,3.93796228500216,42.4235914494427,0.986253316349766,0.8338758112593
853,"Global","all",13227.5745919807,224.343489951878,-224343.489951878,6636,34.7491590305654,0.00371287280545812,0.501679272632721,1.00463499430575,0.00665758754482275,11.0457529356403,-0.274260355894194,0.79302214041726,0.79843726127432,0.80301036256019,2.6097729076827,17.4383370533089,0.969650003371086,0.81855944533543
854,"Global","all",12935.1941044503,136.370362896784,-136370.362896784,6636,33.3446301252091,0.00414075692824001,0.513018973384937,1.01656126722074,0.0100784932281781,12.5081559614075,-0.27035073214,0.842219683489396,0.80054254197629,0.808641308759382,3.15422414573463,24.9435953033545,0.965713360746415,0.792107983770154
855,"Global","all",12791.3094823494,95.9247816877198,-95924.7816877198,6636,32.9172250513009,0.00459903868064291,0.518789730571131,1.02172546985359,0.0173475328327502,13.4500206909153,-0.262821154477251,0.85113575765967,0.796865838828546,0.811405888790785,3.32836055421686,26.9971386298495,0.971150670335708,0.795728498551919
856,"Global","all",12762.4684615207,111.063544328767,-111063.544328767,6636,35.4850632489652,0.00375935527945259,0.5199621076446,1.03979237286772,0.0128918631774509,13.6801968472501,-0.242874519462576,0.824499127813792,0.8054222328925,0.834318539446083,2.92351202444535,25.0097255676996,1.01290901250809,0.85238859176678
857,"Global","all",12661.9722092201,88.4447557384389,-88444.7557384389,6636,31.7102640242754,0.00424449054322472,0.524088972108776,1.03294089267419,0.0133627824850088,11.1322882020615,-0.249899401933025,0.830917668529968,0.799777911130433,0.831991609795979,2.76331060883304,18.1726889133947,0.956674956959203,0.759347151099688
858,"Global","all",13648.1313230686,170.706460268886,-170706.460268886,6636,37.0687499426457,0.00480536997527523,0.486220409440491,0.998885427121633,0.0100040622996862,9.95239368489559,-0.293797025134778,0.81401893627942,0.81791675371408,0.798633230019644,2.70451948025261,17.3611963165798,0.976594146618822,0.846909591965741
859,"Global","all",13276.1635464836,125.426730053208,-125426.730053208,6636,33.6902167238863,0.00384886698401671,0.499843194667306,0.9940009607285,0.0120698465845431,9.35098439644175,-0.287142138766879,0.792086932972375,0.800123623445648,0.801747842187374,2.64782301032012,16.2187083600249,0.945542940253116,0.781252215422739
86,"Global","all",13053.6227491017,160.307657422466,-160307.657422466,6636,33.6483250292481,0.00386013546256082,0.508364622415389,1.00444789296106,0.00844991295858056,10.1922674197048,-0.274466732287631,0.80315929031812,0.795886379985574,0.811407823754743,2.7489764037094,17.3730657824585,0.96527784758851,0.803465833478599
860,"Global","all",12831.7932300329,138.852042611424,-138852.042611424,6636,33.3526235081718,0.00431437328516362,0.517152971610267,1.0238111908581,0.0132212518374373,8.9737786797331,-0.260131140803409,0.810589116013779,0.80201620190909,0.813574677337472,2.3314555979676,12.5124056829331,0.971843402929277,0.796460441094314
861,"Global","all",12583.5986544991,97.9265502197341,-97926.5502197341,6636,31.8811019933344,0.00422704257644674,0.527353119103759,1.03231712017929,0.0164444105362276,9.36625278782956,-0.248751171288119,0.815747690612358,0.797364039235574,0.838320410180661,2.52755810849654,15.3735691389709,0.968165670324041,0.773400937884846
862,"Global","all",12760.8017252933,119.291931714347,-119291.931714347,6636,31.8614602463928,0.00437117005201902,0.520030021847823,1.01544274830541,0.0157677788915748,11.8329410170294,-0.267305633192839,0.847792925968682,0.792890065493872,0.810486033307226,3.42727375695454,27.5915035475096,0.95565174055518,0.770107739256377
863,"Global","all",12808.5252349488,117.339728254539,-117339.728254539,6636,32.8245201260258,0.00419096527014019,0.518092432834757,1.01151953591234,0.010100673096098,7.06987759320462,-0.264983760261756,0.780326857212146,0.794947788232842,0.823635420193463,2.18015995994324,10.9317424018078,0.966180332003407,0.784690230085141
864,"Global","all",12818.846325152,132.075141601312,-132075.141601312,6636,32.8851968525955,0.0042007797514528,0.517675290870709,1.00888072345219,0.0204503509849029,7.05371134084232,-0.267278738962231,0.785436646190228,0.793600860602392,0.813601177570475,2.2702402000892,11.3857803985093,0.967244968577695,0.788990271856208
865,"Global","all",12653.1243834669,106.88080893839,-106880.80893839,6636,31.6161655754138,0.00459599437393946,0.524455446646114,1.00212879076638,0.0174210752189348,10.2675112236611,-0.265943228494848,0.77657361456275,0.780989411182186,0.817812800270248,2.64278010589574,17.2556140799848,0.958571825552182,0.768991678980297
866,"Global","all",12913.8202416443,140.039525824231,-140039.525824231,6636,33.4021167549928,0.00420232462351127,0.513868078990315,1.00316776290562,0.0141349389519639,9.47463524778731,-0.266962761405059,0.762971630143603,0.789929917143777,0.822957670921834,2.41979704349745,15.443952146259,0.96680963815131,0.791804205969056
867,"Global","all",12875.0540687816,135.28528169154,-135285.28169154,6636,33.1777005696759,0.00401562229150418,0.515415311232779,1.01627078521502,0.0137545347789392,8.4009884784081,-0.261118768882572,0.794319318535229,0.797754198949308,0.827920440136681,2.52194003389426,15.1480146287067,0.967345719165797,0.794543196297715
868,"Global","all",13010.9948741258,136.494461675924,-136494.461675923,6636,31.5474386126817,0.00430419530454313,0.510030175570707,0.998721783855601,0.0118551309142003,8.7153379564793,-0.282862237997079,0.800282454218937,0.796248156236921,0.799180600815721,2.57887590452262,14.9575073095002,0.933041303766603,0.746852330689937
869,"Global","all",12579.6027432852,112.527549946622,-112527.549946622,6636,31.8034760992101,0.00395310041054975,0.52752063283892,1.02598590491208,0.0195024782124628,10.678336875431,-0.253252645826608,0.819853942537636,0.792703831201484,0.821887517810469,2.77008176576599,18.9019559601335,0.966328102684311,0.774121566515026
87,"Global","all",12920.4402871382,134.059087986654,-134059.087986654,6636,34.9904743460105,0.00393060889087501,0.513604788422408,1.02737395712638,0.0122709759289248,11.7693969497787,-0.260419766880982,0.858141167644022,0.802935254889528,0.812158134683765,3.17045651700912,22.3293191832096,0.995894261162264,0.83831579975849
870,"Global","all",12833.4390310094,138.911978111052,-138911.978111052,6636,32.3848146850383,0.00402689077004829,0.517086650270862,1.02786611916384,0.0144043484665296,10.5091497335559,-0.261287159275851,0.84669409671776,0.804681145458475,0.812734416907513,2.90593100473609,19.6866137290743,0.960387812683862,0.779135972020068
871,"Global","all",12898.2621494812,97.8135620093637,-97813.5620093638,6636,32.001721504666,0.00419550901148862,0.514487914968212,1.01803588664635,0.0172654198809496,11.4426923359769,-0.268301584558012,0.820783922610997,0.804742585843875,0.81705769313287,2.76994893515578,19.0801644873788,0.946669042388013,0.762402810858626
872,"Global","all",12849.9987587575,95.2563752431234,-95256.3752431234,6636,31.9402223759217,0.00429778862924184,0.516420283346523,1.01846419130582,0.011037034229439,9.58516785015108,-0.268542271299538,0.819872913958651,0.801805763388719,0.805315202003427,2.52228392740621,15.0945957248138,0.948556658256161,0.75949276204693
873,"Global","all",12943.5270516963,128.136856650631,-128136.856650631,6636,32.9682627710878,0.0043929800104915,0.512688695553839,1.02902528614131,0.00949450526476928,9.47611846314715,-0.264626200094597,0.85681242456558,0.807881460239594,0.818318819084345,2.67497780246905,15.2143939372729,0.959046313872827,0.782916299530339
874,"Global","all",13084.3608396505,106.932278053986,-106932.278053986,6636,32.7314168434406,0.00453433580384123,0.507170360197532,1.01107983787034,0.0138322451564491,6.70895477811926,-0.277888243667565,0.805997077823233,0.807708739249349,0.805745271118414,2.1731134120354,10.2508463173335,0.944313119716313,0.768323306442295
875,"Global","all",13316.159768622,128.956832678326,-128956.832678326,6636,33.6496352054343,0.00414089324048046,0.498341872980302,1.00730328978696,0.0100977017591178,11.4053080027215,-0.289061274877035,0.845743124827591,0.814526450417883,0.793940237180702,3.02969221306336,21.9832747505314,0.943087427801392,0.777761177872918
876,"Global","all",13065.6539408422,187.201707503543,-187201.707503543,6636,34.4046247360945,0.00425475939867218,0.507896507135884,1.00479112928498,0.0105965462284089,8.55379726596014,-0.269006639082805,0.774243554055966,0.793591411021683,0.821254907319559,2.29483116480157,12.374280424333,0.973996969790514,0.812277900372164
877,"Global","all",12819.1295902774,110.702355126855,-110702.355126855,6636,32.6728826396396,0.00434204466997557,0.51766385176674,1.028460597959,0.0117878826909094,8.26781895412805,-0.258963107011422,0.812931162796236,0.807732182801788,0.828303518050384,2.27101501924081,12.1024373964156,0.9592985976552,0.771833205475289
878,"Global","all",12562.953635132,141.375395785217,-141375.395785217,6636,31.3668780403586,0.00389798482799326,0.528219731818685,1.03361078674659,0.00904767598521467,12.5113915492146,-0.251787838608313,0.886484394889965,0.793249737199033,0.822838045244508,4.06382380956853,37.6555956573352,0.959265625592415,0.759468949548727
879,"Global","all",12979.7120409787,124.779585705337,-124779.585705337,6636,33.1359372491308,0.00445091271268401,0.511259416160333,1.01517261691993,0.00946444807963466,10.4185576335244,-0.270347498687328,0.83544363513695,0.798721009485172,0.806253452423625,2.97077683954466,20.4591920947791,0.96141434636369,0.791145338689087
88,"Global","all",12862.7408867614,137.254649014088,-137254.649014088,6636,34.5381042576936,0.00478901250642087,0.515908705494481,1.03456111169389,0.0129053396791805,7.33246599837367,-0.253813224122962,0.830881864691953,0.807198643092497,0.815572983612218,2.30070105951783,11.2258280233833,0.990040195455864,0.825105642613944
880,"Global","all",13341.8825876177,149.833401889599,-149833.401889599,6636,35.1795291954805,0.00462389294581884,0.497381082198902,0.995455862762479,0.00903466291999593,7.05448121882675,-0.283550766162515,0.775751503943198,0.798913412861944,0.79511105713205,2.17337677313303,10.5481497488934,0.967286718957199,0.819426449600611
881,"Global","all",13249.0909672614,113.649941254053,-113649.941254053,6636,34.915442363016,0.00430969323157473,0.500864551115063,1.00308663761578,0.0127318416554379,12.0638202587262,-0.280129662404463,0.811637930251301,0.80292721190708,0.79450303615432,3.01383397851491,23.1429340612081,0.969975164263822,0.816669432474525
882,"Global","all",12980.7640180497,125.883360932984,-125883.360932984,6636,33.1731578791188,0.00403706875066878,0.511217983068845,1.01077149918409,0.0156000334803941,7.12214305453365,-0.271296655746588,0.795511071831742,0.80146360685739,0.818842706454702,2.19753732354759,10.3406977769115,0.959702586998616,0.784347230017854
883,"Global","all",12990.8171364021,136.814764632597,-136814.764632597,6636,34.0617011235269,0.00398149879397745,0.510822370165226,1.01260400893837,0.00920802062103129,8.03650748135487,-0.261843113018635,0.779423825560632,0.796050674525873,0.824253274417771,2.28605826467797,12.1633842141081,0.972731870723147,0.80672951292253
884,"Global","all",13069.206429327,100.895762762867,-100895.762762867,6636,33.591240983135,0.0044810831552376,0.507758450054703,1.01862611985866,0.0110912930054428,9.58176172800287,-0.26517921179419,0.81140361390511,0.804345811664205,0.80705810545991,2.56194711782585,15.4632442971876,0.960910846582409,0.792321741641795
885,"Global","all",12874.2495753347,120.403190726637,-120403.190726637,6636,31.8522009173535,0.00422236252285786,0.515447518798589,0.994453977356367,0.0141106127427424,10.3140992355968,-0.277296470248555,0.774786609752863,0.7862390031903,0.806578992219033,2.72298394952149,19.0005338302626,0.947126755764064,0.764842097728637
886,"Global","all",13045.9748331313,155.873818913648,-155873.818913648,6636,35.5269275314892,0.00488770256850883,0.508662640000449,1.00525464962273,0.0134559787287125,6.40222503344368,-0.267482721664329,0.750544392069975,0.798135539280757,0.831877902087782,1.90850509372215,8.71284617996923,0.995509965385431,0.843338403614795
887,"Global","all",13070.9510390173,199.417940049015,-199417.940049015,6636,34.6138579144574,0.00436176450742777,0.507690678374608,1.0258226248137,0.0106985158043318,8.83138477669575,-0.259287728924816,0.801033813349254,0.810861684188751,0.825912122042251,2.34106658601195,13.720129718094,0.973917057346239,0.812583393387927
888,"Global","all",12925.7634991233,128.757272434377,-128757.272434377,6636,32.1783659763215,0.004349496405787,0.513393270768884,1.00496062248561,0.0142667194130041,10.1972277243459,-0.272535123895935,0.792068409489577,0.792961391012661,0.802464959066829,2.52186918070459,15.6020430042591,0.94885573467246,0.768756442002248
889,"Global","all",13034.2238867814,111.691522501969,-111691.522501969,6636,34.3834350913921,0.0042190455916735,0.509121222532461,1.03535079291992,0.00982741423722312,10.984525299718,-0.261491306190466,0.851126265859079,0.817332753680914,0.811231498672781,2.59133174734257,15.8259391339395,0.976906871993033,0.815449575464171
89,"Global","all",13101.7299382322,104.60038870787,-104600.38870787,6636,33.6619803091756,0.00450207524026736,0.506497999217299,0.995287995908437,0.017263391471231,12.1876295369625,-0.284183272459469,0.789430778721196,0.797227624209364,0.800249846107509,2.83552041241159,22.2034766323795,0.957317050044626,0.785644322740837
890,"Global","all",13049.2308021936,163.283679183001,-163283.679183001,6636,34.1322162111967,0.00438448321416993,0.50853572142233,1.01490912143686,0.0105764907719825,7.8017049310249,-0.266309300558591,0.803260789071635,0.800757326531971,0.822497605361097,2.42291087309362,12.990183535975,0.970586912409318,0.805815107673324
891,"Global","all",12959.1717314809,169.600863920479,-169600.863920479,6636,33.4259625182249,0.00409191170874436,0.512069763214849,1.00957642400838,0.0149957321709097,6.77662881465003,-0.267087453539352,0.768180177996822,0.798949015719976,0.819764778280362,1.97836255834953,9.04812143260092,0.965637072859896,0.79401548583224
892,"Global","all",13036.2904943769,168.846075129162,-168846.075129162,6636,35.1435400585309,0.00432936763161344,0.509040512932907,1.03336362394046,0.0124161413286297,8.93862016857811,-0.25455293430635,0.827008061639276,0.81025381143687,0.826769887957047,2.39009204291197,12.8757953342287,0.986999646108171,0.829680720436627
893,"Global","all",13187.2648194756,121.757272619592,-121757.272619592,6636,35.9250001444295,0.0045274747544051,0.503212765561489,1.02422007508551,0.0132404505830763,7.68148626752067,-0.264541176785209,0.803525649067757,0.816052310888426,0.816076306003213,2.21075961383075,11.4469865303674,0.987952231174236,0.838794163572405
894,"Global","all",12664.8320020995,149.898592097552,-149898.592097552,6636,33.3811618239456,0.00420632311589789,0.523970629764367,1.03697705145583,0.0101183611446919,8.8859173871402,-0.244285137632234,0.800813627373228,0.801377384329932,0.829629407294507,2.14957809234558,11.5384705641232,0.987055473799823,0.809999128800533
895,"Global","all",12752.7595644897,87.464734850235,-87464.734850235,6636,33.7105618058008,0.00451034484952151,0.520357963814991,1.03998951822602,0.0138246131684557,9.74336216463885,-0.242274519361682,0.811043333101175,0.804822813152274,0.83387016144741,2.35137519530304,13.6801516026221,0.985317401186365,0.81338406600925
896,"Global","all",12424.7268074704,129.617861243731,-129617.861243731,6636,32.3796309156158,0.00413039719796558,0.534096250390801,1.04470024850715,0.0135755520255873,7.22543415092957,-0.23111068527649,0.797990154111448,0.795163447814212,0.852473465732395,2.09619482525408,10.1580550232215,0.983878426405972,0.790459802779102
897,"Global","all",12671.0381792636,160.941917579527,-160941.917579527,6636,32.951765348214,0.00451061747400242,0.523713992974935,1.03698877381525,0.0175538404714363,7.19595716027754,-0.244522991048859,0.796063585818019,0.805538633214378,0.845498783817093,2.08624999073619,10.1597947365429,0.975621791142379,0.790247203286539
898,"Global","all",12540.4019749775,131.424015584793,-131424.015584793,6636,31.4797064680944,0.00369996858002858,0.5291696401153,1.03240778190098,0.0158087209468167,8.18639342802418,-0.245659621819542,0.798041895498776,0.796009742178262,0.834163181430214,2.1794575334651,11.0699841951355,0.963044355643739,0.766276495256011
899,"Global","all",13124.0015967985,116.337896369622,-116337.896369622,6636,32.7764664442874,0.00422772413764901,0.505638463318902,1.01375256895292,0.00951192912907279,8.74429400208439,-0.279891835377439,0.830198101291933,0.812755777547829,0.810397074559175,2.5652562412007,14.465898016233,0.941302295604949,0.761173872713817
9,"Global","all",12827.116428382,120.457027040342,-120457.027040342,6636,32.0679389813946,0.0038958492695595,0.517341526994862,1.03282404954215,0.0109531221992635,9.79721149270302,-0.264994923497023,0.887779827296196,0.808080866619335,0.800015132522046,3.11867259912565,20.8426830524947,0.951105396153584,0.759880774958252
90,"Global","all",12690.3170462422,130.673069815222,-130673.069815222,6636,32.9239883536477,0.00391402423495323,0.522918377517214,1.02819970826463,0.0148091731730294,9.85358309692939,-0.25211656309712,0.813471857762618,0.799009571955056,0.829430407588204,2.697961318305,17.7759331677294,0.975858426442676,0.796000226208226
900,"Global","all",13114.6115256377,179.975884207734,-179975.884207734,6636,36.4534990320381,0.00476184093315725,0.506000500817529,1.02802462351424,0.0101765826190967,8.73504125202875,-0.257657972600825,0.823151993530565,0.808392918458943,0.831932472482915,2.57708379042076,15.0667724826078,1.00709297738491,0.869205552818854
901,"Global","all",13131.3990657008,147.827105763568,-147827.105763568,6636,38.9614480539345,0.00401916640975596,0.505353615924538,1.04457366793648,0.011944937165443,8.1738935996046,-0.249611574736093,0.831862678437574,0.823417203934917,0.834348979594806,2.24682772056323,11.2826747767878,1.04031458849884,0.907458077553424
902,"Global","all",12819.920916528,130.603400951542,-130603.400951542,6636,37.0781202678413,0.00422240796027134,0.517631898293893,1.04921446027996,0.0095411075886261,7.51477748886084,-0.232462378926064,0.806483188524259,0.808285733452336,0.8503401037229,2.12756197567728,10.4633616496484,1.03438938045821,0.885258597090482
903,"Global","all",12725.9266350305,182.559600618852,-182559.600618852,6636,34.1074585094645,0.00402416452523923,0.52145515138624,1.02724311857408,0.0150523093980169,10.1857676173767,-0.252047445222111,0.800036275314622,0.799676768289079,0.818026885237433,2.49989990674612,16.4391143924825,0.995541961586062,0.827910607039801
904,"Global","all",12507.5309022372,118.937062143576,-118937.062143576,6636,32.7135615947483,0.00418124166365454,0.530560352148561,1.05117030674974,0.0110740819670018,11.6283980237065,-0.233727650385203,0.86237258603689,0.798607332028463,0.84106287763931,3.03770153353082,21.2412933223248,0.988048755566428,0.802259405803325
905,"Global","all",12736.1018900686,121.615380756241,-121615.380756241,6636,34.3503987063125,0.00462521063080988,0.52103854517485,1.02117290563412,0.0129220807918269,7.95266492289438,-0.255185247065618,0.783480777219334,0.795559438050048,0.819935334677091,2.16367228247578,11.3169068076699,0.997703264605674,0.832876925294263
906,"Global","all",12160.4851002096,116.325923648158,-116325.923648158,6636,31.9156674579124,0.00408695903067457,0.545701914464387,1.06720345453245,0.0160369996496514,9.63336161435095,-0.217381089106425,0.843263296012107,0.799168613359634,0.849928923811065,2.34587697956917,12.8583923364302,1.00115757494671,0.798426353872541
907,"Global","all",13173.7223380975,143.501811014418,-143501.811014418,6636,36.9744503664959,0.00412839795177228,0.503730064266587,1.04255673359717,0.00873759705802124,16.131321547822,-0.259865785238051,0.917797733626714,0.821709944268335,0.830719781074571,4.07050562533181,39.5819929989818,1.00722380717771,0.866743455894198
908,"Global","all",13135.9769234295,146.378697204137,-146378.697204137,6636,38.5733093615698,0.0039025285693417,0.505177501352328,1.04458666359876,0.0103321633274831,10.3448324886953,-0.248807715629909,0.845789262517958,0.821166735256997,0.83471148714887,2.74632447524915,18.1797404588781,1.03665562253511,0.908103168340072
909,"Global","all",12524.1675743695,127.239333033665,-127239.333033665,6636,32.2035265276891,0.00414134761461531,0.529855574080664,1.04926802787642,0.00976664508390821,10.3833130150542,-0.238247995101785,0.851203723638245,0.802387432040429,0.841181130741675,2.750591387595,18.1197791022104,0.973963287694283,0.777645193751971
91,"Global","all",13015.1912690368,107.86838618811,-107868.38618811,6636,32.9016439832436,0.00478996669210405,0.509865730193843,1.00907715559498,0.0155626873648533,8.87229757841099,-0.275580503073546,0.806953717128249,0.8026044132962,0.807648086792032,2.54748252951035,15.226699810803,0.950856608481943,0.774073156854073
910,"Global","all",12548.5192973233,113.619114506283,-113619.114506283,6636,32.2392232699549,0.00387217637713417,0.52882733354966,1.03281058284518,0.0123719790994567,9.69298142250925,-0.244388677291519,0.813585951272833,0.792667605750595,0.839884349542676,2.56637907476655,16.1938545716598,0.975654240507469,0.78444466455904
911,"Global","all",12836.5287116149,96.8790553363172,-96879.0553363172,6636,32.5442988609118,0.00395378197175201,0.516962190408654,1.01750077800195,0.0160230848885671,9.56054026351914,-0.262469886842819,0.801753981236695,0.79765128116079,0.813826459465405,2.43904996918346,13.9754203416344,0.959287398028422,0.776841417721127
912,"Global","all",12957.0297950368,135.2733000248,-135273.3000248,6636,34.8421793861438,0.00448894382777039,0.512154413856632,1.06324259921002,0.0102244888387409,13.5155883051312,-0.246696678538153,0.94266894607305,0.828487933902332,0.836803290067445,3.91736318349292,35.1028470376199,0.989092578053952,0.824324777663206
913,"Global","all",12630.7958747955,151.056935846291,-151056.935846291,6636,32.9035134627018,0.00435476714575118,0.525382570170581,1.02361289604379,0.00886123078608158,9.44268335815382,-0.244672416404697,0.787480969901248,0.782943738215224,0.829649050699245,2.45123672183617,14.3285318385007,0.983163675007678,0.80821141460907
914,"Global","all",12691.8328570108,133.726084166875,-133726.084166875,6636,33.207011599976,0.00382746596226559,0.522855924338333,1.0410597132881,0.0147418973879303,13.3851957391912,-0.247770958819048,0.853220106610431,0.806047764474799,0.828173442041334,3.06218965645986,24.4281512849741,0.979197318510466,0.795076072408733
915,"Global","all",12784.9915070923,109.944476192363,-109944.476192363,6636,32.288951425949,0.00432709576093923,0.519046101541702,1.01579122037615,0.0133432243589747,9.01814793081063,-0.259363956468548,0.776454884632533,0.795548532956691,0.828592115175634,2.1877837242424,11.9298554971719,0.959456359212715,0.774329776631874
916,"Global","all",13182.6864214946,149.74996002756,-149749.96002756,6636,35.1042771750835,0.00422349845819497,0.503387533301243,1.01130217407397,0.0116496978968136,12.3598425917849,-0.270954145662085,0.803568623125428,0.806723631993618,0.812956278539237,2.97294576251442,24.4875027726393,0.973420854421432,0.816544278466952
917,"Global","all",12909.5540251553,122.402712164821,-122402.712164821,6636,35.644358892096,0.00460085617718228,0.514037896821937,1.03551476444382,0.00983438680922515,7.60816285359613,-0.248506190904237,0.795914537474451,0.808289483715754,0.830197598385784,1.93374442976025,8.8495298809791,1.00513349573205,0.8496901120022
918,"Global","all",12929.9385922749,119.354896458196,-119354.896458196,6636,33.4383043486119,0.00414293792408726,0.513227495447252,1.01253332215879,0.01388911635879,6.82762528254878,-0.264779924885367,0.764366386918708,0.799573226818989,0.821889567405405,1.8257151359991,7.93537977307196,0.965686278469712,0.790390609835893
919,"Global","all",12892.241485883,111.235895838601,-111235.895838601,6636,33.1803001965512,0.0043036954929948,0.5147281802987,1.01930281504253,0.0162352881125847,7.59941932914391,-0.26255539725891,0.781921729094181,0.804754215293186,0.82343079000341,2.00161148506098,9.67351193787456,0.968438206586751,0.797189270945584
92,"Global","all",12890.2198869105,123.215337274674,-123215.337274674,6636,33.6074231323663,0.00465597175973877,0.514808906148962,1.02489082562899,0.00983861109788502,11.6920746489131,-0.260685589010136,0.834015480271522,0.801666521450905,0.821641506017233,2.8574528994726,20.285858821952,0.974497162236687,0.804733340481821
920,"Global","all",13114.1431883795,148.62658883695,-148626.58883695,6636,34.1743582311167,0.00350386070343023,0.506018571299433,1.01809554843074,0.0111461116201912,9.98640773385447,-0.269500378711908,0.82822921003886,0.806037156142989,0.808706470460917,2.78720493062359,18.3517528899509,0.967740544897162,0.805282335930813
921,"Global","all",13021.4235575266,128.199900723948,-128199.900723948,6636,35.3511435211167,0.00401471354323449,0.509621699246879,1.01283098802371,0.00991903229932821,8.34893852858722,-0.263594861245392,0.771215137362386,0.799441068595344,0.82204340701006,2.06531105852849,10.5163895989553,0.992312859755763,0.837190731665088
922,"Global","all",13038.452548031,109.90338687937,-109903.38687937,6636,33.3567165018321,0.00445513839213806,0.508956103153676,1.01296848548726,0.0118880232665112,6.27892646271495,-0.267364128950067,0.772248876347331,0.804637508682671,0.818067467005814,1.90776456123395,8.48225606715262,0.958114206692657,0.785418174602788
923,"Global","all",12999.8416787966,104.133937537085,-104133.937537085,6636,32.1602642913496,0.00444287029049729,0.510467755220718,1.00884786488833,0.0101454076479366,7.98148238577836,-0.275375306856229,0.810325567648656,0.799450595347806,0.807880454506811,2.41313703011841,12.4224639806582,0.944551957958326,0.766634047465541
924,"Global","all",12937.0761519685,125.697020310836,-125697.020310836,6636,33.5950287659983,0.00413866680721973,0.512944340904286,1.00881489247548,0.00919079355656332,6.90406921000351,-0.269341977071342,0.769003701722172,0.799929003351039,0.826891717615865,1.96332449273793,9.08963798438466,0.971094675291968,0.80268119822471
925,"Global","all",12746.6227415857,158.069203707344,-158069.203707344,6636,34.5399096863383,0.00403452425551366,0.520608488580281,1.0380871158617,0.0116116038433471,9.06353203131041,-0.240433841556322,0.805175381329258,0.799482145995403,0.839754166928839,2.25760258777091,12.1311755500702,1.00214385685071,0.838243748256782
926,"Global","all",13306.4162800866,156.418965971357,-156418.965971357,6636,35.3556792172685,0.00482013713465764,0.498706778768899,1.01251115917625,0.00941050158509794,10.8383498518636,-0.277757825243258,0.834873413732806,0.808599000145544,0.796819520045314,2.78159201981556,17.4575746127356,0.972909505217055,0.826013935555594
927,"Global","all",13148.7610357992,162.705444899158,-162705.444899158,6636,35.0228215367805,0.0039593253361971,0.504686333711034,1.01400777961403,0.0137435353600896,12.2477701408786,-0.273084431884841,0.81570706654121,0.810243188671749,0.824065993498827,2.84225836715096,21.0021526514418,0.974236849778323,0.81523604674341
928,"Global","all",12818.6007331779,99.8887104153467,-99888.7104153467,6636,34.0623470551011,0.00453288180660974,0.517685209027869,1.02587649393542,0.0212172374146313,8.06652776842748,-0.259623668341013,0.815675437930143,0.805686530382467,0.834076081166068,2.44360626515316,13.606065283207,0.984954029232681,0.81472687152608
929,"Global","all",13033.262103584,162.933757775649,-162933.757775649,6636,33.3866277044156,0.00431446415999059,0.509158792883874,1.00342656768442,0.0111506212061953,7.77634377832041,-0.273780796403456,0.780430906458009,0.79425980665564,0.802704219481387,2.20278418923509,11.0087919207283,0.962937458151987,0.796535798330495
93,"Global","all",12997.2882035354,157.143753126683,-157143.753126683,6636,35.2649885829192,0.00443482786831056,0.51056804281642,1.03431734183371,0.0101582187578746,9.84432564276736,-0.251277471457487,0.812081098440509,0.811030298172915,0.834731845941093,2.30487578629307,12.788854297194,0.988852449518435,0.829324307591488
930,"Global","all",12738.2610732725,88.1840507310992,-88184.0507310993,6636,29.4232165602079,0.00357378888278261,0.520950227180041,0.995333536573443,0.0148373901916238,8.72342035803739,-0.284459773953404,0.792956169220318,0.788762495973163,0.793234113227093,2.44686936663633,13.7255731167265,0.916475830671676,0.702852418190684
931,"Global","all",13269.1255721958,146.939607867417,-146939.607867417,6636,33.48485433336,0.00409627370043886,0.500108312631025,0.991957265920777,0.00820476873788567,7.97797965500543,-0.285925919393231,0.766635206271995,0.798331274489785,0.803953912258401,2.22031739842178,11.6005248132671,0.943342704291143,0.776132699892841
932,"Global","all",13174.9030278498,128.078245996479,-128078.245996478,6636,33.27194224265,0.00444273397825683,0.503684921700936,0.997637487875111,0.0118167152184209,8.71445078973889,-0.285351710377131,0.789038868220016,0.799607790832071,0.787296064960497,2.2434826145869,11.4310575594546,0.948297937363287,0.783052148224156
933,"Global","all",12998.4145820488,141.612725807024,-141612.725807024,6636,32.1483860851376,0.004517614835679,0.510523799507405,0.996280857097414,0.016686379841432,7.11024932671385,-0.280902420031313,0.785282150495416,0.792801127422893,0.798802499337903,2.39573230684498,12.3356472591676,0.941523233041775,0.762808470455071
934,"Global","all",13116.6447516914,128.604320733821,-128604.320733821,6636,35.6623840982463,0.0042228168969927,0.505922065103139,1.03713059875991,0.0124177021723164,9.6666781642135,-0.260011150066659,0.847693210551534,0.820532067800778,0.81759989907539,2.49521124165549,13.8571664480982,0.990642586392448,0.836028464253459
935,"Global","all",12972.3686212357,109.745152415026,-109745.152415026,6636,34.8853501067582,0.00401603122822554,0.511548830730648,1.02831905081558,0.0114686523618543,8.90638478844516,-0.261751651596058,0.840935602992487,0.808681843734716,0.814804555378703,2.68952063019321,16.1454583349885,0.986455879895681,0.822675732046286
936,"Global","all",12722.3444897913,146.538040703721,-146538.040703721,6636,31.4119855524295,0.0039062998746609,0.521601974017043,1.02016552125364,0.0135585963060877,8.37980601782922,-0.263853269780203,0.813535334247307,0.798827758365551,0.816127874111684,2.40403619828905,12.9368654805493,0.947846811984973,0.748331053248432
937,"Global","all",12631.7117788315,125.469373320891,-125469.373320891,6636,33.3870305641919,0.00410567924503011,0.525344475569871,1.02706099359859,0.00983535197428947,8.18487176753735,-0.243958535512965,0.795954385814505,0.786324197826495,0.835235348981356,2.39148402108919,12.8542710764487,0.992433013008462,0.823560457994862
938,"Global","all",12742.5929684948,93.2616144344677,-93261.6144344677,6636,33.6681647376526,0.00427797791696267,0.520773128075823,1.03588934020584,0.0117662991227033,10.4362079373527,-0.251903766035455,0.849298840214935,0.801502845082722,0.814569899310252,2.67929877004189,15.8316631829376,0.985262824990479,0.810631410769863
939,"Global","all",13242.8193422618,154.969819509668,-154969.819509668,6636,33.5086358529606,0.0040248460864415,0.501101753976401,0.996179286388075,0.0100681822507978,7.34196533415598,-0.289584938791135,0.798773706793691,0.803755206420059,0.797150496904975,2.3833362964551,12.1430188671907,0.946112876775075,0.779448056473214
94,"Global","all",12566.6657389198,99.6459516721169,-99645.9516721169,6636,31.9298722584917,0.00460121967649016,0.528063699462287,1.02338004931335,0.0151615306794279,6.63850919693456,-0.250623481834481,0.768672205196894,0.792436971376626,0.817338426683744,1.80717514845895,7.79770836407687,0.968718741537456,0.7772184290568
940,"Global","all",12847.6870079272,210.631367803773,-210631.367803773,6636,35.2016563625995,0.00412817076470485,0.51651320552139,1.03289910604762,0.0102607355892512,8.26856392257603,-0.249415572810306,0.809225398592693,0.804312211391431,0.828476365415802,2.31614288121816,12.3073429441076,1.00387524848913,0.848833045299833
941,"Global","all",12470.2142715481,101.005721135625,-101005.721135625,6636,32.311228436659,0.00426012101346333,0.532148033345394,1.02973087316081,0.0142956750365862,10.0279749497666,-0.245637619426198,0.825887173246291,0.786477960654201,0.837111551998375,2.91675669415457,19.1700243145244,0.982850960397859,0.792123724711444
942,"Global","all",12659.4365238055,91.7470692922053,-91747.0692922053,6636,31.1959680351101,0.00424317285823368,0.524193947141429,1.02050731457145,0.0176907504266612,10.4809578272933,-0.259280714313281,0.820117038280374,0.791503627749301,0.818190754635049,2.77125826213016,18.8299405128031,0.951596723137346,0.755904932380163
943,"Global","all",12497.5521789176,148.903764842291,-148903.764842291,6636,34.8398205522561,0.0047985089258391,0.530983980302512,1.0563702066909,0.0141007544551323,6.72161522497522,-0.22420356493843,0.813822247094181,0.800403086375901,0.855688124975643,2.054001608808,9.57395614863412,1.02800193038748,0.864622052431538
944,"Global","all",13086.3481376065,114.908240242496,-114908.240242496,6636,34.3867047804281,0.00435594851850177,0.507093341107895,1.02115591404425,0.0103351719625064,10.5618166074486,-0.266947173382525,0.827938342511764,0.809083368124779,0.829067189558755,2.68611106773884,16.4448616096343,0.970637452202287,0.807100802352037
945,"Global","all",13098.452571376,214.558125171727,-214558.125171727,6636,35.3644115858227,0.00379893126659744,0.506624730199172,1.02067235541903,0.0145558630499274,7.71292223790619,-0.262595392839486,0.787573991002513,0.809148976117679,0.827996023531884,2.0610251820361,9.96294238199025,0.987585971536726,0.836621996205876
946,"Global","all",13191.280170934,137.347438320585,-137347.438320585,6636,35.4354468911091,0.00399222202355975,0.503059590427162,1.01192904366507,0.0169648143161829,7.89034957984392,-0.271969179701071,0.792168101152094,0.809279777512929,0.817294589375679,2.30334028474054,12.4412369016957,0.980297722155872,0.826752350082442
947,"Global","all",12768.2588004042,157.304372744122,-157304.372744122,6636,35.1418369763895,0.00412376333559687,0.519726307536148,1.05342380504785,0.0114382313928452,14.8041291852576,-0.237970322688658,0.874567662331279,0.811924786079402,0.84751657665282,3.43943328997314,31.2565666510652,1.00789768999728,0.848732455639861
948,"Global","all",12858.3469960473,167.791808814098,-167791.808814098,6636,37.3113309687958,0.00385304722605727,0.516084999264674,1.06772542305067,0.00750072393854778,9.65973531660222,-0.231062720881807,0.887450760213264,0.821892338043621,0.846105878192524,2.84707701314955,17.5855599024961,1.03956980757499,0.897523139622736
949,"Global","all",12841.9387265222,149.190030616972,-149190.030616972,6636,35.8943731818738,0.00389480420904936,0.516744406068122,1.05697196639151,0.0174036356426512,11.251356931958,-0.24176778714053,0.886771881666844,0.81927487142576,0.836348996041596,2.95023251479195,19.2834507012985,1.01629816756165,0.863962819271236
95,"Global","all",12388.1557368676,92.0775625844879,-92077.5625844879,6636,31.9067509222409,0.00381333492667197,0.535672955761367,1.03679387241037,0.0163466071245349,8.22352484911871,-0.238660382429955,0.79765572531516,0.791063621153373,0.835697337785253,2.18804988552532,11.4402479192904,0.98381524479122,0.787058966091146
950,"Global","all",12571.1305671767,114.206733117515,-114206.733117515,6636,33.0802612060838,0.00341684805660775,0.527876149606355,1.04779163046756,0.0130234080244928,10.7434789663134,-0.242015023789707,0.877366216008416,0.801779820036715,0.835186369715351,3.00790565995811,19.5549479248671,0.988433482973253,0.805468933042102
951,"Global","all",12743.5105938406,133.942350814865,-133942.350814865,6636,32.6506987714284,0.00414752710284918,0.520735628627129,1.02428880949561,0.0117153349082225,8.93754418839128,-0.261969697866959,0.831691489239339,0.799465542600327,0.822204812914987,2.52552355172461,14.003891886622,0.967003096690319,0.781374003405978
952,"Global","all",12608.6637874935,172.080698060397,-172080.698060397,6636,30.9417706119646,0.00414052974117259,0.526304778352665,1.02835529467289,0.00896001306350112,8.84303855431794,-0.253033461338649,0.825416228409893,0.794049792321793,0.821661788483498,2.6252509864168,15.750747385506,0.953387202180904,0.758471544999652
953,"Global","all",12841.6902801075,107.200106952893,-107200.106952893,6636,33.9707208772199,0.00403261588414732,0.516754403451045,1.02452925519689,0.0137900223572543,11.2849223706187,-0.261340961554575,0.831683214601766,0.802614094268418,0.825069098086297,2.7649699779752,18.1603155070617,0.981492869409111,0.810831913732368
954,"Global","all",13241.769389807,188.230543504426,-188230.543504426,6636,35.1696513478149,0.00403270675897429,0.501141486809773,1.00826995198945,0.00787641400511426,9.75062231149175,-0.277241708268748,0.808516597319498,0.806819418722669,0.802392101992363,2.5722938280209,15.3445989116955,0.974883641731749,0.826095296226773
955,"Global","all",13095.7207822894,125.554160613465,-125554.160613465,6636,35.6662926395478,0.0048419925305436,0.506730412958597,1.02266791534731,0.00912460237708583,7.55487786719701,-0.263164637331299,0.798499772009401,0.81067782255303,0.822025510786433,2.10793701995445,10.1052770858435,0.986729827614104,0.827534862077551
956,"Global","all",12600.0462529253,77.7971382935437,-77797.1382935437,6636,30.3137240896223,0.00380829137377521,0.526664733350429,1.01644979364115,0.0151610609281917,9.20216273400518,-0.262077744209754,0.803289878345517,0.789925152479877,0.812450218235411,2.39251793969679,13.4668849406795,0.942154191353242,0.735371782015788
957,"Global","all",12705.1774387172,114.613912444787,-114613.912444787,6636,31.2310595929852,0.00377925686655872,0.522306755022383,1.02202724349993,0.0119650728472848,10.1165733404686,-0.256647650576689,0.806640042000459,0.794432626261369,0.822957106875317,2.58532931269181,16.7227790636806,0.947997158144928,0.754153670908786
958,"Global","all",13130.4616761749,128.521668144691,-128521.668144691,6636,34.369831009924,0.00506536285523254,0.505389693344978,1.00461802804461,0.0107544892726633,8.83684647241653,-0.275204096233507,0.801871880096855,0.796228417458742,0.804253071264264,2.51560295786812,14.1661803373246,0.973052174154035,0.825101376620166
959,"Global","all",13268.4479252667,135.958195446783,-135958.195446783,6636,35.7936762959867,0.00447844778525551,0.500133854191284,1.00952959395941,0.0105650071522979,8.54591058494606,-0.27488000346439,0.814968358018279,0.804033241901164,0.81487751359346,2.58469472342542,14.5170855338196,0.980501706726916,0.83285440388516
96,"Global","all",13043.4070833131,105.285551410276,-105285.551410276,6636,35.1082736541524,0.00430533123988024,0.508762776290999,1.03349299024444,0.0122685807834017,6.93366082209939,-0.261186345324555,0.83928102773018,0.815933676127835,0.814412061241348,2.28370880578612,10.8910892312366,0.985694934126602,0.823632378146298
960,"Global","all",12751.2564176945,118.83750211226,-118837.50211226,6636,34.308116870067,0.00436008332312885,0.520419304782501,1.03708980435074,0.0099726955391824,7.84543856426051,-0.241295785201139,0.800596984613499,0.798329038573996,0.831491816357632,2.09036909260108,10.0289297343932,0.998464702736053,0.83701175266388
961,"Global","all",12901.9740676535,101.606504936993,-101606.504936993,6636,34.6289686173431,0.00472317369428209,0.51433989598825,1.02306583940736,0.0120194557253823,6.84849810961878,-0.254904877286295,0.785939724622612,0.801396539126557,0.84495071753978,2.14759889495072,10.617835596788,0.989041532402038,0.828792759055966
962,"Global","all",12620.8970965353,116.763235188773,-116763.235188773,6636,33.6910286533733,0.00387094956697009,0.525794636406768,1.04115377923571,0.00958977356762692,10.650124680406,-0.238798267288048,0.817181325014606,0.799688271081965,0.841173922856027,2.58142056657265,16.5878995224261,0.994812716107773,0.819047019712715
963,"Global","all",12810.6470018567,145.226054987312,-145226.054987312,6636,35.8805884291267,0.00407196468422474,0.518006623634095,1.03319703750119,0.00881287907534635,7.25292454047853,-0.239937843846752,0.785245617433482,0.793149298518292,0.837895789010818,2.03845966684541,9.68329765870735,1.01894896456527,0.868359279368632
964,"Global","all",12804.8866325388,124.533106545046,-124533.106545046,6636,35.0004278470292,0.00445836444849544,0.518239652597712,1.03887470731828,0.0147883643289495,7.54962379931955,-0.243049516347197,0.81255759311782,0.803528151896652,0.831822924058996,2.22705909567148,11.0445131935033,1.00484227839332,0.84687280607402
965,"Global","all",12792.2523267174,127.897643550726,-127897.643550726,6636,32.9349513657819,0.0037123729939098,0.518751493522399,1.00573987162769,0.0137571579477247,6.66646302283998,-0.262227986044087,0.747951062482628,0.786999570111728,0.820084219281784,1.92427838082863,8.96944821991432,0.970578707020633,0.796536216384635
966,"Global","all",12887.4164946006,112.719390732488,-112719.390732488,6636,32.1228188985481,0.0040975913854299,0.514920892234706,1.0137124343235,0.013027418245268,8.13350043222787,-0.26544821476072,0.796962008703751,0.796589235170654,0.81874441020925,2.31833407271391,11.8679228058762,0.952627820060347,0.771574371402002
967,"Global","all",12820.1687715233,123.952631662506,-123952.631662506,6636,32.1581886785442,0.00411971940579677,0.517621890808504,1.00179560745247,0.0166700637238883,9.42796905226995,-0.27182805055637,0.782334634857029,0.790062648744998,0.813894753149963,2.67768204770603,17.7229078743745,0.953034271434186,0.766289045447205
968,"Global","all",12461.9572112219,94.9549661636254,-94954.9661636254,6636,31.5143354423392,0.00425453221160476,0.532500624703181,1.0503772848839,0.0136890729940145,17.2504617428265,-0.239513412794236,0.908960290475791,0.799324936578748,0.837475731622673,4.45354063124025,51.6083383643848,0.971609720570909,0.775407717553263
969,"Global","all",13266.0814185407,159.52876704727,-159528.76704727,6636,35.2497069268813,0.00430106012301271,0.500223071955938,1.01351117058305,0.0118201136599136,10.0766748634836,-0.276700634788538,0.807339715750274,0.814531374245539,0.801924955448059,2.38274267992814,13.9569882993524,0.972261688329338,0.820879468925894
97,"Global","all",13036.6017054202,119.299263929844,-119299.263929844,6636,36.5021189567431,0.00419310082857395,0.509028361067512,1.03321100870478,0.0132609919883856,6.95857330093521,-0.252361012362865,0.802726994714842,0.812417240581786,0.832404790270674,2.02716719300942,9.06878980265584,1.00973111636822,0.864171352950735
970,"Global","all",13104.9917720495,147.918462812249,-147918.462812249,6636,32.4275026754418,0.0037471326152253,0.506371931812532,1.01203681538022,0.0130867419097769,9.78746598842032,-0.279844954326702,0.828302141929781,0.809143518688879,0.801072586461246,2.6382488519672,16.0925042454441,0.936777443142168,0.755688872430446
971,"Global","all",12629.275010445,100.60911955931,-100609.11955931,6636,33.1930394616096,0.00421382028912281,0.525445838697132,1.03844127693057,0.0110678437234159,9.00409842093336,-0.242813316570076,0.82337189083814,0.799883446217641,0.839679394476725,2.59193508250751,15.5142890838522,0.984767516112378,0.803800051535525
972,"Global","all",13149.9476631834,150.149825357111,-150149.825357111,6636,34.5869834226735,0.00428865570913149,0.504640791733276,1.01176747309091,0.012442042915938,10.0573266173974,-0.274680345953517,0.815253204483061,0.807061306364649,0.806978183566346,2.6978786447259,16.8382827344351,0.970353262353314,0.811484528805197
973,"Global","all",13027.8294239185,207.769165086829,-207769.165086829,6636,34.9844723534094,0.00360636750825087,0.509371115023706,1.03021041236087,0.0134721228607382,12.192789444416,-0.260300779722881,0.856824956359952,0.8098926710445,0.820327377845264,3.2840267830489,26.0796563612984,0.984408141200355,0.823668978003394
974,"Global","all",12665.3574950626,109.644825788472,-109644.825788472,6636,33.3685173600749,0.00445781919953363,0.523948889921734,1.04158171781477,0.0144196877885318,8.68244582975954,-0.248066441674834,0.840421681891613,0.80728427809642,0.836482159572644,2.44649958179703,13.2589442077175,0.984875100269872,0.801624871523593
975,"Global","all",13047.5802390592,145.289010796308,-145289.010796308,6636,35.5119578032283,0.00438625527329582,0.508600052915137,1.0382262823436,0.0103524361100052,16.4179569018956,-0.258169890318576,0.895739334506081,0.813127203728021,0.82129483581338,3.89312474244808,39.6096850791358,0.995720487609291,0.847749691181536
976,"Global","all",12580.3223975221,120.0683778999,-120068.3778999,6636,35.4832748846251,0.00433241193831689,0.527490456151352,1.03363034078465,0.00950951133132004,6.64223859265232,-0.237473722760803,0.786601764074087,0.790286968810381,0.84501348097894,2.20676894136216,11.1781483688879,1.03065770156231,0.872784902654122
977,"Global","all",12903.8156515827,96.5660484612325,-96566.0484612325,6636,34.8467799493698,0.00470036411271296,0.514266491337084,1.02873443336436,0.0107805121298416,10.6092161948393,-0.251102265657091,0.815487592076186,0.801015792197695,0.842770233752444,2.70867081441839,17.4882314940705,0.98989625679007,0.826219929296913
978,"Global","all",12771.1091327512,103.888368197285,-103888.368197285,6636,34.6464569645264,0.00403606912757213,0.5196103119174,1.04088002646772,0.0133121260842281,10.0910448663559,-0.248158324025524,0.860621223052291,0.804223344667895,0.82477971222929,2.89552769092695,18.6409308236947,1.00233802613729,0.841533764064786
979,"Global","all",12755.3818902795,99.9014768671339,-99901.4768671339,6636,30.7882138542869,0.00409186627133088,0.52025098559041,1.00938349814041,0.0119651204216937,9.08912207282638,-0.268562561308049,0.804615632048802,0.789426394561519,0.802534381691405,2.51516886840624,14.1155471358371,0.938306304804235,0.740779891444307
98,"Global","all",12679.9899741223,133.841649997671,-133841.649997671,6636,32.2539971873903,0.00423381275105591,0.523344262380565,1.00621440308996,0.0115604888740602,10.2330425826013,-0.262030777378689,0.772103068802916,0.784307346892474,0.835209530949003,2.63329054868515,18.2859004689715,0.965634794974816,0.776713591238454
980,"Global","all",12607.3118565344,117.902698522226,-117902.698522226,6636,34.6479481067618,0.00405428953037934,0.526361216055788,1.05673725236687,0.0103644144744888,8.40128885797447,-0.231462662133891,0.854295958846893,0.80782370138348,0.840359519652229,2.6294384238763,15.1005217142561,1.01115708544087,0.842600522982908
981,"Global","all",12749.9043911315,129.36978395062,-129369.78395062,6636,32.3466286685705,0.00443628186554206,0.520474491135465,1.02708020442691,0.0110723522207762,9.38934932907749,-0.261766044104796,0.825835944490822,0.804730979445812,0.81527178061948,2.35988257971071,12.77849173502,0.963795404824606,0.777180851553208
982,"Global","all",12842.3296270657,160.802667743179,-160802.667743179,6636,32.6836052258206,0.00469681999446118,0.516728677171967,1.02015520253666,0.0116135166306491,7.98415443028607,-0.267493192705652,0.830121051249374,0.800808724892241,0.803756902771648,2.44916381769044,12.6142675832597,0.963212598852757,0.783676718006151
983,"Global","all",12592.7578766572,143.398348878795,-143398.348878795,6636,32.5892241820107,0.00403029857605962,0.526969553849754,1.03307139802315,0.013048079751789,10.0235630859106,-0.249995245449607,0.847249451083258,0.796066628917565,0.83133329255694,3.02246112515394,20.2460483444363,0.97648012772844,0.786804142058376
984,"Global","all",13306.5767186341,157.834642996824,-157834.642996824,6636,37.0184211331013,0.00440715648349861,0.49870076581809,1.02156205969089,0.0104882867723122,7.21958798550794,-0.268528245299405,0.81988900925915,0.812959698757129,0.81383089999425,2.29546249843824,11.2839445025333,1.00025657975481,0.864267935667921
985,"Global","all",12899.8550088162,141.378638251863,-141378.638251863,6636,34.4440212680207,0.00422772413764901,0.514424386589208,1.02324177723121,0.0128829764244514,7.74062523344595,-0.261129893373493,0.807503153220968,0.803845978805289,0.821025992221451,2.21724656072314,10.893553830506,0.986719128524406,0.823605660478987
986,"Global","all",12864.2169481414,146.147931174424,-146147.931174424,6636,35.6303941628685,0.00425044284439117,0.515849509282318,1.04348239199087,0.0106126508420291,11.6113794224025,-0.246897665895652,0.865317020709059,0.80925332461223,0.834863256344931,3.08490566688767,21.7671237293869,1.00557705273991,0.846652307307741
987,"Global","all",13074.4424422333,119.136393850616,-119136.393850616,6636,33.9750980052916,0.00407196468422474,0.50755510449641,1.03008098193691,0.0108887070911269,9.7493005150644,-0.267424517889997,0.878752796258644,0.813716979606646,0.808373128127063,3.12484950815645,20.8656265754516,0.965606864973896,0.799280734143762
988,"Global","all",12644.9373529038,99.295644400451,-99295.644400451,6636,31.0088440821221,0.00367938543172018,0.524795008057207,1.00930328524034,0.0188949778526701,8.32873322132093,-0.265737305335102,0.790947635477048,0.787362713060151,0.820693338203956,2.39938416349413,13.1787453506137,0.947516900770626,0.745853353823879
989,"Global","all",12901.507104221,103.431006788885,-103431.006788885,6636,32.9724827984986,0.00384595898955371,0.514358512256978,1.01678293955679,0.017606295826495,14.3806182796405,-0.268295244638861,0.809205241863663,0.80674212347047,0.815729135240933,3.05608905792521,29.9764909872288,0.960917401040487,0.779122489223076
99,"Global","all",13359.6332784141,194.965601630001,-194965.601630001,6636,37.2902348577554,0.00378402779497458,0.496720221409229,1.0225265033516,0.0106627961980544,8.59888733380994,-0.273541806736295,0.823936810398964,0.824257463996746,0.817224917222124,2.37092297180222,12.5538781656372,0.99773778181104,0.858097251169056
990,"Global","all",12924.4029424841,146.321056216515,-146321.056216515,6636,33.3709321003055,0.00434304429307223,0.513447315866841,1.01314753383247,0.010296792974152,6.87727557913924,-0.263696664010695,0.788161527323784,0.795729162611424,0.820491170761511,2.20200683852253,10.505153745378,0.965677441785511,0.792837621003377
991,"Global","all",13011.4397546263,109.942708886471,-109942.708886471,6636,34.3981771071824,0.00434068154757104,0.510012736879525,1.0302817902217,0.0104279247554211,13.2300051677696,-0.262327347312516,0.877041724678542,0.808424388151154,0.818825650005545,3.64448623694404,32.0147787382662,0.977499777001017,0.815095343142221
992,"Global","all",12821.6019539675,155.652854599877,-155652.854599877,6636,34.2785132698398,0.00491205702213643,0.517564031688455,1.03045990849738,0.0148712572729481,11.8091961372012,-0.253159763328426,0.842204180546266,0.801842632753395,0.836893137077854,3.23491388308593,25.6457056072942,0.989518706788888,0.823947025094268
993,"Global","all",12724.629457412,108.810515358089,-108810.515358089,6636,32.9420699240704,0.00415029878507172,0.521508309708348,1.03120869651281,0.0150555409730266,11.7295007378511,-0.253473630732704,0.838052368065701,0.800569518420565,0.82548284836089,3.04010419865385,23.7257770703486,0.97409198680666,0.792595463165031
994,"Global","all",12960.2643339254,112.038075654328,-112038.075654328,6636,34.1935392563096,0.00386867769629587,0.512026593672888,1.01857494027449,0.012239806808385,13.1470246974749,-0.264832984648404,0.83096563694358,0.801956467912828,0.824662163183381,3.51775614952574,33.7038386649776,0.976570402396337,0.810245678479304
995,"Global","all",13342.7910314713,142.497841321756,-142497.841321756,6636,34.9258432005035,0.00470336298200292,0.497347218010672,0.993571616773586,0.00946096167865512,13.6220913048067,-0.284715363979088,0.779028479310672,0.800617953078297,0.803956946422948,3.00682049236233,28.6512031458802,0.962632993518394,0.80960774591947
996,"Global","all",12895.4765813631,101.974362114091,-101974.362114091,6636,33.0499124857127,0.00403820468600589,0.514599050149923,1.02202271799226,0.0158220106995957,14.7600340183768,-0.266851965363323,0.850279127438995,0.806056117923054,0.817514392939456,3.6154789272145,35.225785307519,0.965644231009354,0.791858758755262
997,"Global","all",12904.011462207,140.80824968141,-140808.24968141,6636,31.1791025968493,0.00410386174849074,0.514258687651924,0.999223310471541,0.010060366792071,9.69771689753924,-0.278795585792733,0.783845469489986,0.791894966264312,0.805377930106184,2.36220286189809,13.4959869113241,0.933961428896163,0.741000835219643
998,"Global","all",12499.6850592156,110.791989932053,-110791.989932053,6636,31.2431528951397,0.00410926880069537,0.5308933759981,1.02756044593646,0.0156750176206655,9.16189980026641,-0.253426947748083,0.824491480247553,0.790845136176986,0.81524329192322,2.46469677950355,13.4778826060909,0.965375208913235,0.767532379357611
999,"Global","all",12784.7948080408,136.765934047186,-136765.934047186,6636,31.2602169339762,0.00427947735160766,0.519054087268288,0.98732853207948,0.0148261133559673,9.35223046865298,-0.276412105287449,0.755598392675194,0.776532740206365,0.81232507723481,2.74333064175591,18.9794103661946,0.943063187323332,0.753357812571994
